﻿{
    "meta":  {
                 "count":  15,
                 "type":  "azresourcegroups",
                 "version":  4
             },
    "data":  [
                 {
                     "ResourceGroupName":  "VM-RG-001",
                     "SubscriptionID":  "30e3268b-2385-47bb-8b38-1b8ba6ef05fb",
                     "ResourceGroupID":  "/subscriptions/30e3268b-2385-47bb-8b38-1b8ba6ef05fb/resourceGroups/VM-RG-001"
                 },
                 {
                     "ResourceGroupName":  "NetworkWatcherRG",
                     "SubscriptionID":  "30e3268b-2385-47bb-8b38-1b8ba6ef05fb",
                     "ResourceGroupID":  "/subscriptions/30e3268b-2385-47bb-8b38-1b8ba6ef05fb/resourceGroups/NetworkWatcherRG"
                 },
                 {
                     "ResourceGroupName":  "cloud-shell-storage-eastus",
                     "SubscriptionID":  "30e3268b-2385-47bb-8b38-1b8ba6ef05fb",
                     "ResourceGroupID":  "/subscriptions/30e3268b-2385-47bb-8b38-1b8ba6ef05fb/resourceGroups/cloud-shell-storage-eastus"
                 },
                 {
                     "ResourceGroupName":  "Keyvault-RG",
                     "SubscriptionID":  "30e3268b-2385-47bb-8b38-1b8ba6ef05fb",
                     "ResourceGroupID":  "/subscriptions/30e3268b-2385-47bb-8b38-1b8ba6ef05fb/resourceGroups/Keyvault-RG"
                 },
                 {
                     "ResourceGroupName":  "AutomationAccountsRG",
                     "SubscriptionID":  "30e3268b-2385-47bb-8b38-1b8ba6ef05fb",
                     "ResourceGroupID":  "/subscriptions/30e3268b-2385-47bb-8b38-1b8ba6ef05fb/resourceGroups/AutomationAccountsRG"
                 },
                 {
                     "ResourceGroupName":  "FABRIKAM",
                     "SubscriptionID":  "30e3268b-2385-47bb-8b38-1b8ba6ef05fb",
                     "ResourceGroupID":  "/subscriptions/30e3268b-2385-47bb-8b38-1b8ba6ef05fb/resourceGroups/FABRIKAM"
                 },
                 {
                     "ResourceGroupName":  "My-RBAC-Resource-Group",
                     "SubscriptionID":  "30e3268b-2385-47bb-8b38-1b8ba6ef05fb",
                     "ResourceGroupID":  "/subscriptions/30e3268b-2385-47bb-8b38-1b8ba6ef05fb/resourceGroups/My-RBAC-Resource-Group"
                 },
                 {
                     "ResourceGroupName":  "testdevops-rg",
                     "SubscriptionID":  "30e3268b-2385-47bb-8b38-1b8ba6ef05fb",
                     "ResourceGroupID":  "/subscriptions/30e3268b-2385-47bb-8b38-1b8ba6ef05fb/resourceGroups/testdevops-rg"
                 },
                 {
                     "ResourceGroupName":  "VstsRG-SpecterTestOps-5e77",
                     "SubscriptionID":  "30e3268b-2385-47bb-8b38-1b8ba6ef05fb",
                     "ResourceGroupID":  "/subscriptions/30e3268b-2385-47bb-8b38-1b8ba6ef05fb/resourceGroups/VstsRG-SpecterTestOps-5e77"
                 },
                 {
                     "ResourceGroupName":  "Win10IntuneTest_group",
                     "SubscriptionID":  "30e3268b-2385-47bb-8b38-1b8ba6ef05fb",
                     "ResourceGroupID":  "/subscriptions/30e3268b-2385-47bb-8b38-1b8ba6ef05fb/resourceGroups/Win10IntuneTest_group"
                 },
                 {
                     "ResourceGroupName":  "Win10Test_group",
                     "SubscriptionID":  "30e3268b-2385-47bb-8b38-1b8ba6ef05fb",
                     "ResourceGroupID":  "/subscriptions/30e3268b-2385-47bb-8b38-1b8ba6ef05fb/resourceGroups/Win10Test_group"
                 },
                 {
                     "ResourceGroupName":  "BH-AttackPath",
                     "SubscriptionID":  "30e3268b-2385-47bb-8b38-1b8ba6ef05fb",
                     "ResourceGroupID":  "/subscriptions/30e3268b-2385-47bb-8b38-1b8ba6ef05fb/resourceGroups/BH-AttackPath"
                 },
                 {
                     "ResourceGroupName":  "FabrikamFinance",
                     "SubscriptionID":  "30e3268b-2385-47bb-8b38-1b8ba6ef05fb",
                     "ResourceGroupID":  "/subscriptions/30e3268b-2385-47bb-8b38-1b8ba6ef05fb/resourceGroups/FabrikamFinance"
                 },
                 {
                     "ResourceGroupName":  "MyRGinSecondSub",
                     "SubscriptionID":  "27010acc-67a3-40a9-ba96-0b5700ffa041",
                     "ResourceGroupID":  "/subscriptions/27010acc-67a3-40a9-ba96-0b5700ffa041/resourceGroups/MyRGinSecondSub"
                 },
                 {
                     "ResourceGroupName":  "NetworkWatcherRG",
                     "SubscriptionID":  "27010acc-67a3-40a9-ba96-0b5700ffa041",
                     "ResourceGroupID":  "/subscriptions/27010acc-67a3-40a9-ba96-0b5700ffa041/resourceGroups/NetworkWatcherRG"
                 }
             ]
}
