﻿{
    "meta":  {
                 "count":  5,
                 "type":  "azapplicationowners",
                 "version":  4
             },
    "data":  [
                 {
                     "AppId":  "f0564421-da5c-41fc-b163-ea1daa89b1b5",
                     "AppObjectId":  "31d4d51c-df8b-4656-bb64-8914b255d3a1",
                     "OwnerID":  "c9a14f0d-29ec-4242-8eda-645117807361",
                     "OwnerType":  "User",
                     "OwnerOnPremID":  null
                 },
                 {
                     "AppId":  "810a637e-4b2f-4692-9193-17a0dd94d118",
                     "AppObjectId":  "4bbda5ef-b7dc-4d6c-9da7-c892dc0219d7",
                     "OwnerID":  "c9a14f0d-29ec-4242-8eda-645117807361",
                     "OwnerType":  "User",
                     "OwnerOnPremID":  null
                 },
                 {
                     "AppId":  "e2a2d7e2-ba03-4cf3-a3df-4d17dd8ebd17",
                     "AppObjectId":  "55e79d9a-00c8-4c74-b71a-b67fc0f8ed45",
                     "OwnerID":  "c9a14f0d-29ec-4242-8eda-645117807361",
                     "OwnerType":  "User",
                     "OwnerOnPremID":  null
                 },
                 {
                     "AppId":  "ad04cdfa-d928-48da-9912-60dff3d8d07b",
                     "AppObjectId":  "5eb2e77a-b592-4a8e-ab2d-01d2990d23af",
                     "OwnerID":  "c9a14f0d-29ec-4242-8eda-645117807361",
                     "OwnerType":  "User",
                     "OwnerOnPremID":  null
                 },
                 {
                     "AppId":  "06d7130d-ba8e-4f25-b15a-70ca512f3185",
                     "AppObjectId":  "d6609e43-e932-4e48-bb93-04a9a94ca4b7",
                     "OwnerID":  "c9a14f0d-29ec-4242-8eda-645117807361",
                     "OwnerType":  "User",
                     "OwnerOnPremID":  null
                 }
             ]
}
