﻿{
    "meta":  {
                 "count":  2,
                 "type":  "azprivroleadminrights",
                 "version":  4
             },
    "data":  [
                 {
                     "UserName":  "Matt Nelson",
                     "UserID":  "1ad90fd2-fe6c-4bad-9003-fb7b102c94c6",
                     "UserOnPremID":  null,
                     "TenantDisplayName":  "Default Directory",
                     "TenantID":  "ba8c4db2-44fa-427a-a380-6e59cb50bb88"
                 },
                 {
                     "UserName":  "Ryan Hausknecht",
                     "UserID":  "7924105b-af0d-48f8-bab5-fdf0a5d33173",
                     "UserOnPremID":  null,
                     "TenantDisplayName":  "Default Directory",
                     "TenantID":  "ba8c4db2-44fa-427a-a380-6e59cb50bb88"
                 }
             ]
}
