﻿{
    "meta":  {
                 "count":  15,
                 "type":  "azgroupmembers",
                 "version":  4
             },
    "data":  [
                 {
                     "GroupName":  "My Security Group",
                     "GroupID":  "09322b20-961d-4719-8cdd-6ba90ed0a919",
                     "GroupOnPremID":  null,
                     "MemberName":  "Administrator",
                     "MemberID":  "c9a14f0d-29ec-4242-8eda-645117807361",
                     "MemberType":  "User",
                     "MemberOnPremID":  null
                 },
                 {
                     "GroupName":  "My Security Group",
                     "GroupID":  "09322b20-961d-4719-8cdd-6ba90ed0a919",
                     "GroupOnPremID":  null,
                     "MemberName":  "Jeff Dimmock",
                     "MemberID":  "5a126726-da21-4a04-801e-8dc55c1adde1",
                     "MemberType":  "User",
                     "MemberOnPremID":  "S-1-5-21-2579124464-1924754583-1592496503-1109"
                 },
                 {
                     "GroupName":  "My Security Group",
                     "GroupID":  "09322b20-961d-4719-8cdd-6ba90ed0a919",
                     "GroupOnPremID":  null,
                     "MemberName":  "My Security Group",
                     "MemberID":  "09322b20-961d-4719-8cdd-6ba90ed0a919",
                     "MemberType":  "Group",
                     "MemberOnPremID":  null
                 },
                 {
                     "GroupName":  "My Security Group",
                     "GroupID":  "09322b20-961d-4719-8cdd-6ba90ed0a919",
                     "GroupOnPremID":  null,
                     "MemberName":  "Jason Frank",
                     "MemberID":  "e084f75a-2d3e-46c9-b348-0af3d6cba09e",
                     "MemberType":  "User",
                     "MemberOnPremID":  null
                 },
                 {
                     "GroupName":  "My Security Group",
                     "GroupID":  "09322b20-961d-4719-8cdd-6ba90ed0a919",
                     "GroupOnPremID":  null,
                     "MemberName":  "Ryan Hausknecht",
                     "MemberID":  "7924105b-af0d-48f8-bab5-fdf0a5d33173",
                     "MemberType":  "User",
                     "MemberOnPremID":  null
                 },
                 {
                     "GroupName":  "My Security Group",
                     "GroupID":  "09322b20-961d-4719-8cdd-6ba90ed0a919",
                     "GroupOnPremID":  null,
                     "MemberName":  "Tim Gamble",
                     "MemberID":  "80049609-7c0f-401e-87a0-f87adb2953ca",
                     "MemberType":  "User",
                     "MemberOnPremID":  "S-1-5-21-2669474957-1190889522-1413916528-1109"
                 },
                 {
                     "GroupName":  "My Security Group",
                     "GroupID":  "09322b20-961d-4719-8cdd-6ba90ed0a919",
                     "GroupOnPremID":  null,
                     "MemberName":  "CloudHelpdeskGroup",
                     "MemberID":  "69266b77-aa99-4a34-9bd2-f3ce79ddce9a",
                     "MemberType":  "Group",
                     "MemberOnPremID":  null
                 },
                 {
                     "GroupName":  "SOC Level 3",
                     "GroupID":  "3b6b6cb0-b8c2-4d11-8ffa-1dfe13177a3e",
                     "GroupOnPremID":  "S-1-5-21-2579124464-1924754583-1592496503-1110",
                     "MemberName":  "Jeff Dimmock",
                     "MemberID":  "5a126726-da21-4a04-801e-8dc55c1adde1",
                     "MemberType":  "User",
                     "MemberOnPremID":  "S-1-5-21-2579124464-1924754583-1592496503-1109"
                 },
                 {
                     "GroupName":  "CloudHelpdeskGroup",
                     "GroupID":  "69266b77-aa99-4a34-9bd2-f3ce79ddce9a",
                     "GroupOnPremID":  null,
                     "MemberName":  "Administrator",
                     "MemberID":  "c9a14f0d-29ec-4242-8eda-645117807361",
                     "MemberType":  "User",
                     "MemberOnPremID":  null
                 },
                 {
                     "GroupName":  "CloudHelpdeskGroup",
                     "GroupID":  "69266b77-aa99-4a34-9bd2-f3ce79ddce9a",
                     "GroupOnPremID":  null,
                     "MemberName":  "Tim Gamble",
                     "MemberID":  "80049609-7c0f-401e-87a0-f87adb2953ca",
                     "MemberType":  "User",
                     "MemberOnPremID":  "S-1-5-21-2669474957-1190889522-1413916528-1109"
                 },
                 {
                     "GroupName":  "CloudHelpdeskGroup",
                     "GroupID":  "69266b77-aa99-4a34-9bd2-f3ce79ddce9a",
                     "GroupOnPremID":  null,
                     "MemberName":  "OnPremHelpdesk",
                     "MemberID":  "c551209e-58b2-43fe-9959-cae1b84d7ab7",
                     "MemberType":  "Group",
                     "MemberOnPremID":  "S-1-5-21-2669474957-1190889522-1413916528-1110"
                 },
                 {
                     "GroupName":  "CloudHelpdeskGroup",
                     "GroupID":  "69266b77-aa99-4a34-9bd2-f3ce79ddce9a",
                     "GroupOnPremID":  null,
                     "MemberName":  "MyTestApp",
                     "MemberID":  "46a388f1-c443-408c-a549-85e75c44d211",
                     "MemberType":  "ServicePrincipal",
                     "MemberOnPremID":  null
                 },
                 {
                     "GroupName":  "OnPremHelpdesk",
                     "GroupID":  "c551209e-58b2-43fe-9959-cae1b84d7ab7",
                     "GroupOnPremID":  "S-1-5-21-2669474957-1190889522-1413916528-1110",
                     "MemberName":  "Wes Hardcastle",
                     "MemberID":  "dfeda451-7bc8-4744-9195-bbce13cc127c",
                     "MemberType":  "User",
                     "MemberOnPremID":  "S-1-5-21-2669474957-1190889522-1413916528-1111"
                 },
                 {
                     "GroupName":  "TestGroup",
                     "GroupID":  "cc8263d5-6935-4e46-96ba-aea1bac31b55",
                     "GroupOnPremID":  null,
                     "MemberName":  "appman",
                     "MemberID":  "27ed1b2d-c232-44cf-af3d-8a76fadc69e2",
                     "MemberType":  "User",
                     "MemberOnPremID":  null
                 },
                 {
                     "GroupName":  "ADSyncAdmins",
                     "GroupID":  "f5ac6e23-6160-4a4f-8c3e-5b1771915911",
                     "GroupOnPremID":  "S-1-5-21-1589615775-1910386217-3167236222-1104",
                     "MemberName":  "Ryan Hausknecht",
                     "MemberID":  "6925cb75-04e1-45ee-b017-b2ef1a09d5a2",
                     "MemberType":  "User",
                     "MemberOnPremID":  "S-1-5-21-1589615775-1910386217-3167236222-1111"
                 }
             ]
}
