﻿{
    "meta":  {
                 "count":  112,
                 "type":  "azvmpermissions",
                 "version":  4
             },
    "data":  [
                 {
                     "VMID":  "2e9faa15-78d3-457b-9bc2-b70ede48deb7",
                     "ControllerName":  "Administrator",
                     "ControllerID":  "c9a14f0d-29ec-4242-8eda-645117807361",
                     "ControllerType":  "User",
                     "ControllerOnPremID":  null,
                     "RoleName":  "Managed Application Operator Role",
                     "RoleDefinitionId":  "c7393b34-138c-406f-901b-d8cf2b17e6ae"
                 },
                 {
                     "VMID":  "2e9faa15-78d3-457b-9bc2-b70ede48deb7",
                     "ControllerName":  "JasonFrank",
                     "ControllerID":  "48704212-bbbf-4408-a9c4-24fe57903bd2",
                     "ControllerType":  "User",
                     "ControllerOnPremID":  null,
                     "RoleName":  "Owner",
                     "RoleDefinitionId":  "8e3af657-a8ff-443c-a75c-2fe8c4bcb635"
                 },
                 {
                     "VMID":  "2e9faa15-78d3-457b-9bc2-b70ede48deb7",
                     "ControllerName":  "Ryan Hausknecht",
                     "ControllerID":  "7924105b-af0d-48f8-bab5-fdf0a5d33173",
                     "ControllerType":  "User",
                     "ControllerOnPremID":  null,
                     "RoleName":  "Owner",
                     "RoleDefinitionId":  "8e3af657-a8ff-443c-a75c-2fe8c4bcb635"
                 },
                 {
                     "VMID":  "2e9faa15-78d3-457b-9bc2-b70ede48deb7",
                     "ControllerName":  "Andrew Robbins",
                     "ControllerID":  "a9c15145-4ce3-4469-9cff-116333168aa4",
                     "ControllerType":  "User",
                     "ControllerOnPremID":  null,
                     "RoleName":  "Owner",
                     "RoleDefinitionId":  "8e3af657-a8ff-443c-a75c-2fe8c4bcb635"
                 },
                 {
                     "VMID":  "2e9faa15-78d3-457b-9bc2-b70ede48deb7",
                     "ControllerName":  "Rohan Vazarkar",
                     "ControllerID":  "ce93ead4-82b5-48fa-ad76-f25e46bee779",
                     "ControllerType":  "User",
                     "ControllerOnPremID":  null,
                     "RoleName":  "Owner",
                     "RoleDefinitionId":  "8e3af657-a8ff-443c-a75c-2fe8c4bcb635"
                 },
                 {
                     "VMID":  "2e9faa15-78d3-457b-9bc2-b70ede48deb7",
                     "ControllerName":  "MyAutomationAccount_rKc6mBq2I4mtILUv4IUIZykRhsNwSl3T5tcPrNSOTf4=",
                     "ControllerID":  "48c2c345-bb01-43f1-bfd5-bbeec5b944d2",
                     "ControllerType":  "ServicePrincipal",
                     "ControllerOnPremID":  null,
                     "RoleName":  "Contributor",
                     "RoleDefinitionId":  "b24988ac-6180-42a0-ab88-20f7382dd24c"
                 },
                 {
                     "VMID":  "2e9faa15-78d3-457b-9bc2-b70ede48deb7",
                     "ControllerName":  "JasonFrank",
                     "ControllerID":  "48704212-bbbf-4408-a9c4-24fe57903bd2",
                     "ControllerType":  "User",
                     "ControllerOnPremID":  null,
                     "RoleName":  "User Access Administrator",
                     "RoleDefinitionId":  "18d7d88d-d35e-4fb5-a5c3-7773c20a72d9"
                 },
                 {
                     "VMID":  "2e9faa15-78d3-457b-9bc2-b70ede48deb7",
                     "ControllerName":  "Ryan Hausknecht",
                     "ControllerID":  "7924105b-af0d-48f8-bab5-fdf0a5d33173",
                     "ControllerType":  "User",
                     "ControllerOnPremID":  null,
                     "RoleName":  "User Access Administrator",
                     "RoleDefinitionId":  "18d7d88d-d35e-4fb5-a5c3-7773c20a72d9"
                 },
                 {
                     "VMID":  "2e9faa15-78d3-457b-9bc2-b70ede48deb7",
                     "ControllerName":  "Andrew Robbins",
                     "ControllerID":  "a9c15145-4ce3-4469-9cff-116333168aa4",
                     "ControllerType":  "User",
                     "ControllerOnPremID":  null,
                     "RoleName":  "User Access Administrator",
                     "RoleDefinitionId":  "18d7d88d-d35e-4fb5-a5c3-7773c20a72d9"
                 },
                 {
                     "VMID":  "2e9faa15-78d3-457b-9bc2-b70ede48deb7",
                     "ControllerName":  "Administrator",
                     "ControllerID":  "c9a14f0d-29ec-4242-8eda-645117807361",
                     "ControllerType":  "User",
                     "ControllerOnPremID":  null,
                     "RoleName":  "User Access Administrator",
                     "RoleDefinitionId":  "18d7d88d-d35e-4fb5-a5c3-7773c20a72d9"
                 },
                 {
                     "VMID":  "3077bee5-aea8-40d1-8f6b-dd9730c55278",
                     "ControllerName":  "JasonFrank",
                     "ControllerID":  "48704212-bbbf-4408-a9c4-24fe57903bd2",
                     "ControllerType":  "User",
                     "ControllerOnPremID":  null,
                     "RoleName":  "Owner",
                     "RoleDefinitionId":  "8e3af657-a8ff-443c-a75c-2fe8c4bcb635"
                 },
                 {
                     "VMID":  "3077bee5-aea8-40d1-8f6b-dd9730c55278",
                     "ControllerName":  "Ryan Hausknecht",
                     "ControllerID":  "7924105b-af0d-48f8-bab5-fdf0a5d33173",
                     "ControllerType":  "User",
                     "ControllerOnPremID":  null,
                     "RoleName":  "Owner",
                     "RoleDefinitionId":  "8e3af657-a8ff-443c-a75c-2fe8c4bcb635"
                 },
                 {
                     "VMID":  "3077bee5-aea8-40d1-8f6b-dd9730c55278",
                     "ControllerName":  "Andrew Robbins",
                     "ControllerID":  "a9c15145-4ce3-4469-9cff-116333168aa4",
                     "ControllerType":  "User",
                     "ControllerOnPremID":  null,
                     "RoleName":  "Owner",
                     "RoleDefinitionId":  "8e3af657-a8ff-443c-a75c-2fe8c4bcb635"
                 },
                 {
                     "VMID":  "3077bee5-aea8-40d1-8f6b-dd9730c55278",
                     "ControllerName":  "Rohan Vazarkar",
                     "ControllerID":  "ce93ead4-82b5-48fa-ad76-f25e46bee779",
                     "ControllerType":  "User",
                     "ControllerOnPremID":  null,
                     "RoleName":  "Owner",
                     "RoleDefinitionId":  "8e3af657-a8ff-443c-a75c-2fe8c4bcb635"
                 },
                 {
                     "VMID":  "3077bee5-aea8-40d1-8f6b-dd9730c55278",
                     "ControllerName":  "MyAutomationAccount_rKc6mBq2I4mtILUv4IUIZykRhsNwSl3T5tcPrNSOTf4=",
                     "ControllerID":  "48c2c345-bb01-43f1-bfd5-bbeec5b944d2",
                     "ControllerType":  "ServicePrincipal",
                     "ControllerOnPremID":  null,
                     "RoleName":  "Contributor",
                     "RoleDefinitionId":  "b24988ac-6180-42a0-ab88-20f7382dd24c"
                 },
                 {
                     "VMID":  "3077bee5-aea8-40d1-8f6b-dd9730c55278",
                     "ControllerName":  "JasonFrank",
                     "ControllerID":  "48704212-bbbf-4408-a9c4-24fe57903bd2",
                     "ControllerType":  "User",
                     "ControllerOnPremID":  null,
                     "RoleName":  "User Access Administrator",
                     "RoleDefinitionId":  "18d7d88d-d35e-4fb5-a5c3-7773c20a72d9"
                 },
                 {
                     "VMID":  "3077bee5-aea8-40d1-8f6b-dd9730c55278",
                     "ControllerName":  "Ryan Hausknecht",
                     "ControllerID":  "7924105b-af0d-48f8-bab5-fdf0a5d33173",
                     "ControllerType":  "User",
                     "ControllerOnPremID":  null,
                     "RoleName":  "User Access Administrator",
                     "RoleDefinitionId":  "18d7d88d-d35e-4fb5-a5c3-7773c20a72d9"
                 },
                 {
                     "VMID":  "3077bee5-aea8-40d1-8f6b-dd9730c55278",
                     "ControllerName":  "Andrew Robbins",
                     "ControllerID":  "a9c15145-4ce3-4469-9cff-116333168aa4",
                     "ControllerType":  "User",
                     "ControllerOnPremID":  null,
                     "RoleName":  "User Access Administrator",
                     "RoleDefinitionId":  "18d7d88d-d35e-4fb5-a5c3-7773c20a72d9"
                 },
                 {
                     "VMID":  "3077bee5-aea8-40d1-8f6b-dd9730c55278",
                     "ControllerName":  "Administrator",
                     "ControllerID":  "c9a14f0d-29ec-4242-8eda-645117807361",
                     "ControllerType":  "User",
                     "ControllerOnPremID":  null,
                     "RoleName":  "User Access Administrator",
                     "RoleDefinitionId":  "18d7d88d-d35e-4fb5-a5c3-7773c20a72d9"
                 },
                 {
                     "VMID":  "85ab48d9-bf4e-4495-afc1-eead919260fe",
                     "ControllerName":  "JasonFrank",
                     "ControllerID":  "48704212-bbbf-4408-a9c4-24fe57903bd2",
                     "ControllerType":  "User",
                     "ControllerOnPremID":  null,
                     "RoleName":  "Owner",
                     "RoleDefinitionId":  "8e3af657-a8ff-443c-a75c-2fe8c4bcb635"
                 },
                 {
                     "VMID":  "85ab48d9-bf4e-4495-afc1-eead919260fe",
                     "ControllerName":  "Ryan Hausknecht",
                     "ControllerID":  "7924105b-af0d-48f8-bab5-fdf0a5d33173",
                     "ControllerType":  "User",
                     "ControllerOnPremID":  null,
                     "RoleName":  "Owner",
                     "RoleDefinitionId":  "8e3af657-a8ff-443c-a75c-2fe8c4bcb635"
                 },
                 {
                     "VMID":  "85ab48d9-bf4e-4495-afc1-eead919260fe",
                     "ControllerName":  "Andrew Robbins",
                     "ControllerID":  "a9c15145-4ce3-4469-9cff-116333168aa4",
                     "ControllerType":  "User",
                     "ControllerOnPremID":  null,
                     "RoleName":  "Owner",
                     "RoleDefinitionId":  "8e3af657-a8ff-443c-a75c-2fe8c4bcb635"
                 },
                 {
                     "VMID":  "85ab48d9-bf4e-4495-afc1-eead919260fe",
                     "ControllerName":  "Rohan Vazarkar",
                     "ControllerID":  "ce93ead4-82b5-48fa-ad76-f25e46bee779",
                     "ControllerType":  "User",
                     "ControllerOnPremID":  null,
                     "RoleName":  "Owner",
                     "RoleDefinitionId":  "8e3af657-a8ff-443c-a75c-2fe8c4bcb635"
                 },
                 {
                     "VMID":  "85ab48d9-bf4e-4495-afc1-eead919260fe",
                     "ControllerName":  "MyAutomationAccount_rKc6mBq2I4mtILUv4IUIZykRhsNwSl3T5tcPrNSOTf4=",
                     "ControllerID":  "48c2c345-bb01-43f1-bfd5-bbeec5b944d2",
                     "ControllerType":  "ServicePrincipal",
                     "ControllerOnPremID":  null,
                     "RoleName":  "Contributor",
                     "RoleDefinitionId":  "b24988ac-6180-42a0-ab88-20f7382dd24c"
                 },
                 {
                     "VMID":  "85ab48d9-bf4e-4495-afc1-eead919260fe",
                     "ControllerName":  "JasonFrank",
                     "ControllerID":  "48704212-bbbf-4408-a9c4-24fe57903bd2",
                     "ControllerType":  "User",
                     "ControllerOnPremID":  null,
                     "RoleName":  "User Access Administrator",
                     "RoleDefinitionId":  "18d7d88d-d35e-4fb5-a5c3-7773c20a72d9"
                 },
                 {
                     "VMID":  "85ab48d9-bf4e-4495-afc1-eead919260fe",
                     "ControllerName":  "Ryan Hausknecht",
                     "ControllerID":  "7924105b-af0d-48f8-bab5-fdf0a5d33173",
                     "ControllerType":  "User",
                     "ControllerOnPremID":  null,
                     "RoleName":  "User Access Administrator",
                     "RoleDefinitionId":  "18d7d88d-d35e-4fb5-a5c3-7773c20a72d9"
                 },
                 {
                     "VMID":  "85ab48d9-bf4e-4495-afc1-eead919260fe",
                     "ControllerName":  "Andrew Robbins",
                     "ControllerID":  "a9c15145-4ce3-4469-9cff-116333168aa4",
                     "ControllerType":  "User",
                     "ControllerOnPremID":  null,
                     "RoleName":  "User Access Administrator",
                     "RoleDefinitionId":  "18d7d88d-d35e-4fb5-a5c3-7773c20a72d9"
                 },
                 {
                     "VMID":  "85ab48d9-bf4e-4495-afc1-eead919260fe",
                     "ControllerName":  "Administrator",
                     "ControllerID":  "c9a14f0d-29ec-4242-8eda-645117807361",
                     "ControllerType":  "User",
                     "ControllerOnPremID":  null,
                     "RoleName":  "User Access Administrator",
                     "RoleDefinitionId":  "18d7d88d-d35e-4fb5-a5c3-7773c20a72d9"
                 },
                 {
                     "VMID":  "d791ce70-d8bb-48e7-95f9-d02ad9cc28ce",
                     "ControllerName":  "JasonFrank",
                     "ControllerID":  "48704212-bbbf-4408-a9c4-24fe57903bd2",
                     "ControllerType":  "User",
                     "ControllerOnPremID":  null,
                     "RoleName":  "Owner",
                     "RoleDefinitionId":  "8e3af657-a8ff-443c-a75c-2fe8c4bcb635"
                 },
                 {
                     "VMID":  "d791ce70-d8bb-48e7-95f9-d02ad9cc28ce",
                     "ControllerName":  "Ryan Hausknecht",
                     "ControllerID":  "7924105b-af0d-48f8-bab5-fdf0a5d33173",
                     "ControllerType":  "User",
                     "ControllerOnPremID":  null,
                     "RoleName":  "Owner",
                     "RoleDefinitionId":  "8e3af657-a8ff-443c-a75c-2fe8c4bcb635"
                 },
                 {
                     "VMID":  "d791ce70-d8bb-48e7-95f9-d02ad9cc28ce",
                     "ControllerName":  "Andrew Robbins",
                     "ControllerID":  "a9c15145-4ce3-4469-9cff-116333168aa4",
                     "ControllerType":  "User",
                     "ControllerOnPremID":  null,
                     "RoleName":  "Owner",
                     "RoleDefinitionId":  "8e3af657-a8ff-443c-a75c-2fe8c4bcb635"
                 },
                 {
                     "VMID":  "d791ce70-d8bb-48e7-95f9-d02ad9cc28ce",
                     "ControllerName":  "Rohan Vazarkar",
                     "ControllerID":  "ce93ead4-82b5-48fa-ad76-f25e46bee779",
                     "ControllerType":  "User",
                     "ControllerOnPremID":  null,
                     "RoleName":  "Owner",
                     "RoleDefinitionId":  "8e3af657-a8ff-443c-a75c-2fe8c4bcb635"
                 },
                 {
                     "VMID":  "d791ce70-d8bb-48e7-95f9-d02ad9cc28ce",
                     "ControllerName":  "MyAutomationAccount_rKc6mBq2I4mtILUv4IUIZykRhsNwSl3T5tcPrNSOTf4=",
                     "ControllerID":  "48c2c345-bb01-43f1-bfd5-bbeec5b944d2",
                     "ControllerType":  "ServicePrincipal",
                     "ControllerOnPremID":  null,
                     "RoleName":  "Contributor",
                     "RoleDefinitionId":  "b24988ac-6180-42a0-ab88-20f7382dd24c"
                 },
                 {
                     "VMID":  "d791ce70-d8bb-48e7-95f9-d02ad9cc28ce",
                     "ControllerName":  "JasonFrank",
                     "ControllerID":  "48704212-bbbf-4408-a9c4-24fe57903bd2",
                     "ControllerType":  "User",
                     "ControllerOnPremID":  null,
                     "RoleName":  "User Access Administrator",
                     "RoleDefinitionId":  "18d7d88d-d35e-4fb5-a5c3-7773c20a72d9"
                 },
                 {
                     "VMID":  "d791ce70-d8bb-48e7-95f9-d02ad9cc28ce",
                     "ControllerName":  "Ryan Hausknecht",
                     "ControllerID":  "7924105b-af0d-48f8-bab5-fdf0a5d33173",
                     "ControllerType":  "User",
                     "ControllerOnPremID":  null,
                     "RoleName":  "User Access Administrator",
                     "RoleDefinitionId":  "18d7d88d-d35e-4fb5-a5c3-7773c20a72d9"
                 },
                 {
                     "VMID":  "d791ce70-d8bb-48e7-95f9-d02ad9cc28ce",
                     "ControllerName":  "Andrew Robbins",
                     "ControllerID":  "a9c15145-4ce3-4469-9cff-116333168aa4",
                     "ControllerType":  "User",
                     "ControllerOnPremID":  null,
                     "RoleName":  "User Access Administrator",
                     "RoleDefinitionId":  "18d7d88d-d35e-4fb5-a5c3-7773c20a72d9"
                 },
                 {
                     "VMID":  "d791ce70-d8bb-48e7-95f9-d02ad9cc28ce",
                     "ControllerName":  "Administrator",
                     "ControllerID":  "c9a14f0d-29ec-4242-8eda-645117807361",
                     "ControllerType":  "User",
                     "ControllerOnPremID":  null,
                     "RoleName":  "User Access Administrator",
                     "RoleDefinitionId":  "18d7d88d-d35e-4fb5-a5c3-7773c20a72d9"
                 },
                 {
                     "VMID":  "e06bb341-93cf-4f67-a4c9-cd5a73d59353",
                     "ControllerName":  "JasonFrank",
                     "ControllerID":  "48704212-bbbf-4408-a9c4-24fe57903bd2",
                     "ControllerType":  "User",
                     "ControllerOnPremID":  null,
                     "RoleName":  "Owner",
                     "RoleDefinitionId":  "8e3af657-a8ff-443c-a75c-2fe8c4bcb635"
                 },
                 {
                     "VMID":  "e06bb341-93cf-4f67-a4c9-cd5a73d59353",
                     "ControllerName":  "Ryan Hausknecht",
                     "ControllerID":  "7924105b-af0d-48f8-bab5-fdf0a5d33173",
                     "ControllerType":  "User",
                     "ControllerOnPremID":  null,
                     "RoleName":  "Owner",
                     "RoleDefinitionId":  "8e3af657-a8ff-443c-a75c-2fe8c4bcb635"
                 },
                 {
                     "VMID":  "e06bb341-93cf-4f67-a4c9-cd5a73d59353",
                     "ControllerName":  "Andrew Robbins",
                     "ControllerID":  "a9c15145-4ce3-4469-9cff-116333168aa4",
                     "ControllerType":  "User",
                     "ControllerOnPremID":  null,
                     "RoleName":  "Owner",
                     "RoleDefinitionId":  "8e3af657-a8ff-443c-a75c-2fe8c4bcb635"
                 },
                 {
                     "VMID":  "e06bb341-93cf-4f67-a4c9-cd5a73d59353",
                     "ControllerName":  "Rohan Vazarkar",
                     "ControllerID":  "ce93ead4-82b5-48fa-ad76-f25e46bee779",
                     "ControllerType":  "User",
                     "ControllerOnPremID":  null,
                     "RoleName":  "Owner",
                     "RoleDefinitionId":  "8e3af657-a8ff-443c-a75c-2fe8c4bcb635"
                 },
                 {
                     "VMID":  "e06bb341-93cf-4f67-a4c9-cd5a73d59353",
                     "ControllerName":  "MyAutomationAccount_rKc6mBq2I4mtILUv4IUIZykRhsNwSl3T5tcPrNSOTf4=",
                     "ControllerID":  "48c2c345-bb01-43f1-bfd5-bbeec5b944d2",
                     "ControllerType":  "ServicePrincipal",
                     "ControllerOnPremID":  null,
                     "RoleName":  "Contributor",
                     "RoleDefinitionId":  "b24988ac-6180-42a0-ab88-20f7382dd24c"
                 },
                 {
                     "VMID":  "e06bb341-93cf-4f67-a4c9-cd5a73d59353",
                     "ControllerName":  "JasonFrank",
                     "ControllerID":  "48704212-bbbf-4408-a9c4-24fe57903bd2",
                     "ControllerType":  "User",
                     "ControllerOnPremID":  null,
                     "RoleName":  "User Access Administrator",
                     "RoleDefinitionId":  "18d7d88d-d35e-4fb5-a5c3-7773c20a72d9"
                 },
                 {
                     "VMID":  "e06bb341-93cf-4f67-a4c9-cd5a73d59353",
                     "ControllerName":  "Ryan Hausknecht",
                     "ControllerID":  "7924105b-af0d-48f8-bab5-fdf0a5d33173",
                     "ControllerType":  "User",
                     "ControllerOnPremID":  null,
                     "RoleName":  "User Access Administrator",
                     "RoleDefinitionId":  "18d7d88d-d35e-4fb5-a5c3-7773c20a72d9"
                 },
                 {
                     "VMID":  "e06bb341-93cf-4f67-a4c9-cd5a73d59353",
                     "ControllerName":  "Andrew Robbins",
                     "ControllerID":  "a9c15145-4ce3-4469-9cff-116333168aa4",
                     "ControllerType":  "User",
                     "ControllerOnPremID":  null,
                     "RoleName":  "User Access Administrator",
                     "RoleDefinitionId":  "18d7d88d-d35e-4fb5-a5c3-7773c20a72d9"
                 },
                 {
                     "VMID":  "e06bb341-93cf-4f67-a4c9-cd5a73d59353",
                     "ControllerName":  "Administrator",
                     "ControllerID":  "c9a14f0d-29ec-4242-8eda-645117807361",
                     "ControllerType":  "User",
                     "ControllerOnPremID":  null,
                     "RoleName":  "User Access Administrator",
                     "RoleDefinitionId":  "18d7d88d-d35e-4fb5-a5c3-7773c20a72d9"
                 },
                 {
                     "VMID":  "a003989d-a8a2-46b7-988b-2784fafc0444",
                     "ControllerName":  "My Security Group",
                     "ControllerID":  "09322b20-961d-4719-8cdd-6ba90ed0a919",
                     "ControllerType":  "Group",
                     "ControllerOnPremID":  null,
                     "RoleName":  "Owner",
                     "RoleDefinitionId":  "8e3af657-a8ff-443c-a75c-2fe8c4bcb635"
                 },
                 {
                     "VMID":  "a003989d-a8a2-46b7-988b-2784fafc0444",
                     "ControllerName":  "Jeff Dimmock",
                     "ControllerID":  "5a126726-da21-4a04-801e-8dc55c1adde1",
                     "ControllerType":  "User",
                     "ControllerOnPremID":  "S-1-5-21-2579124464-1924754583-1592496503-1109",
                     "RoleName":  "Contributor",
                     "RoleDefinitionId":  "b24988ac-6180-42a0-ab88-20f7382dd24c"
                 },
                 {
                     "VMID":  "a003989d-a8a2-46b7-988b-2784fafc0444",
                     "ControllerName":  "SOC Level 3",
                     "ControllerID":  "3b6b6cb0-b8c2-4d11-8ffa-1dfe13177a3e",
                     "ControllerType":  "Group",
                     "ControllerOnPremID":  "S-1-5-21-2579124464-1924754583-1592496503-1110",
                     "RoleName":  "Owner",
                     "RoleDefinitionId":  "8e3af657-a8ff-443c-a75c-2fe8c4bcb635"
                 },
                 {
                     "VMID":  "a003989d-a8a2-46b7-988b-2784fafc0444",
                     "ControllerName":  "JasonFrank",
                     "ControllerID":  "48704212-bbbf-4408-a9c4-24fe57903bd2",
                     "ControllerType":  "User",
                     "ControllerOnPremID":  null,
                     "RoleName":  "Owner",
                     "RoleDefinitionId":  "8e3af657-a8ff-443c-a75c-2fe8c4bcb635"
                 },
                 {
                     "VMID":  "a003989d-a8a2-46b7-988b-2784fafc0444",
                     "ControllerName":  "Ryan Hausknecht",
                     "ControllerID":  "7924105b-af0d-48f8-bab5-fdf0a5d33173",
                     "ControllerType":  "User",
                     "ControllerOnPremID":  null,
                     "RoleName":  "Owner",
                     "RoleDefinitionId":  "8e3af657-a8ff-443c-a75c-2fe8c4bcb635"
                 },
                 {
                     "VMID":  "a003989d-a8a2-46b7-988b-2784fafc0444",
                     "ControllerName":  "Andrew Robbins",
                     "ControllerID":  "a9c15145-4ce3-4469-9cff-116333168aa4",
                     "ControllerType":  "User",
                     "ControllerOnPremID":  null,
                     "RoleName":  "Owner",
                     "RoleDefinitionId":  "8e3af657-a8ff-443c-a75c-2fe8c4bcb635"
                 },
                 {
                     "VMID":  "a003989d-a8a2-46b7-988b-2784fafc0444",
                     "ControllerName":  "Rohan Vazarkar",
                     "ControllerID":  "ce93ead4-82b5-48fa-ad76-f25e46bee779",
                     "ControllerType":  "User",
                     "ControllerOnPremID":  null,
                     "RoleName":  "Owner",
                     "RoleDefinitionId":  "8e3af657-a8ff-443c-a75c-2fe8c4bcb635"
                 },
                 {
                     "VMID":  "a003989d-a8a2-46b7-988b-2784fafc0444",
                     "ControllerName":  "MyAutomationAccount_rKc6mBq2I4mtILUv4IUIZykRhsNwSl3T5tcPrNSOTf4=",
                     "ControllerID":  "48c2c345-bb01-43f1-bfd5-bbeec5b944d2",
                     "ControllerType":  "ServicePrincipal",
                     "ControllerOnPremID":  null,
                     "RoleName":  "Contributor",
                     "RoleDefinitionId":  "b24988ac-6180-42a0-ab88-20f7382dd24c"
                 },
                 {
                     "VMID":  "a003989d-a8a2-46b7-988b-2784fafc0444",
                     "ControllerName":  "JasonFrank",
                     "ControllerID":  "48704212-bbbf-4408-a9c4-24fe57903bd2",
                     "ControllerType":  "User",
                     "ControllerOnPremID":  null,
                     "RoleName":  "User Access Administrator",
                     "RoleDefinitionId":  "18d7d88d-d35e-4fb5-a5c3-7773c20a72d9"
                 },
                 {
                     "VMID":  "a003989d-a8a2-46b7-988b-2784fafc0444",
                     "ControllerName":  "Ryan Hausknecht",
                     "ControllerID":  "7924105b-af0d-48f8-bab5-fdf0a5d33173",
                     "ControllerType":  "User",
                     "ControllerOnPremID":  null,
                     "RoleName":  "User Access Administrator",
                     "RoleDefinitionId":  "18d7d88d-d35e-4fb5-a5c3-7773c20a72d9"
                 },
                 {
                     "VMID":  "a003989d-a8a2-46b7-988b-2784fafc0444",
                     "ControllerName":  "Andrew Robbins",
                     "ControllerID":  "a9c15145-4ce3-4469-9cff-116333168aa4",
                     "ControllerType":  "User",
                     "ControllerOnPremID":  null,
                     "RoleName":  "User Access Administrator",
                     "RoleDefinitionId":  "18d7d88d-d35e-4fb5-a5c3-7773c20a72d9"
                 },
                 {
                     "VMID":  "a003989d-a8a2-46b7-988b-2784fafc0444",
                     "ControllerName":  "Administrator",
                     "ControllerID":  "c9a14f0d-29ec-4242-8eda-645117807361",
                     "ControllerType":  "User",
                     "ControllerOnPremID":  null,
                     "RoleName":  "User Access Administrator",
                     "RoleDefinitionId":  "18d7d88d-d35e-4fb5-a5c3-7773c20a72d9"
                 },
                 {
                     "VMID":  "ccf03846-a5b4-4278-a45c-c6ad9f8c13a2",
                     "ControllerName":  "SOC Level 3",
                     "ControllerID":  "3b6b6cb0-b8c2-4d11-8ffa-1dfe13177a3e",
                     "ControllerType":  "Group",
                     "ControllerOnPremID":  "S-1-5-21-2579124464-1924754583-1592496503-1110",
                     "RoleName":  "Owner",
                     "RoleDefinitionId":  "8e3af657-a8ff-443c-a75c-2fe8c4bcb635"
                 },
                 {
                     "VMID":  "ccf03846-a5b4-4278-a45c-c6ad9f8c13a2",
                     "ControllerName":  "JasonFrank",
                     "ControllerID":  "48704212-bbbf-4408-a9c4-24fe57903bd2",
                     "ControllerType":  "User",
                     "ControllerOnPremID":  null,
                     "RoleName":  "Owner",
                     "RoleDefinitionId":  "8e3af657-a8ff-443c-a75c-2fe8c4bcb635"
                 },
                 {
                     "VMID":  "ccf03846-a5b4-4278-a45c-c6ad9f8c13a2",
                     "ControllerName":  "Ryan Hausknecht",
                     "ControllerID":  "7924105b-af0d-48f8-bab5-fdf0a5d33173",
                     "ControllerType":  "User",
                     "ControllerOnPremID":  null,
                     "RoleName":  "Owner",
                     "RoleDefinitionId":  "8e3af657-a8ff-443c-a75c-2fe8c4bcb635"
                 },
                 {
                     "VMID":  "ccf03846-a5b4-4278-a45c-c6ad9f8c13a2",
                     "ControllerName":  "Andrew Robbins",
                     "ControllerID":  "a9c15145-4ce3-4469-9cff-116333168aa4",
                     "ControllerType":  "User",
                     "ControllerOnPremID":  null,
                     "RoleName":  "Owner",
                     "RoleDefinitionId":  "8e3af657-a8ff-443c-a75c-2fe8c4bcb635"
                 },
                 {
                     "VMID":  "ccf03846-a5b4-4278-a45c-c6ad9f8c13a2",
                     "ControllerName":  "Rohan Vazarkar",
                     "ControllerID":  "ce93ead4-82b5-48fa-ad76-f25e46bee779",
                     "ControllerType":  "User",
                     "ControllerOnPremID":  null,
                     "RoleName":  "Owner",
                     "RoleDefinitionId":  "8e3af657-a8ff-443c-a75c-2fe8c4bcb635"
                 },
                 {
                     "VMID":  "ccf03846-a5b4-4278-a45c-c6ad9f8c13a2",
                     "ControllerName":  "MyAutomationAccount_rKc6mBq2I4mtILUv4IUIZykRhsNwSl3T5tcPrNSOTf4=",
                     "ControllerID":  "48c2c345-bb01-43f1-bfd5-bbeec5b944d2",
                     "ControllerType":  "ServicePrincipal",
                     "ControllerOnPremID":  null,
                     "RoleName":  "Contributor",
                     "RoleDefinitionId":  "b24988ac-6180-42a0-ab88-20f7382dd24c"
                 },
                 {
                     "VMID":  "ccf03846-a5b4-4278-a45c-c6ad9f8c13a2",
                     "ControllerName":  "JasonFrank",
                     "ControllerID":  "48704212-bbbf-4408-a9c4-24fe57903bd2",
                     "ControllerType":  "User",
                     "ControllerOnPremID":  null,
                     "RoleName":  "User Access Administrator",
                     "RoleDefinitionId":  "18d7d88d-d35e-4fb5-a5c3-7773c20a72d9"
                 },
                 {
                     "VMID":  "ccf03846-a5b4-4278-a45c-c6ad9f8c13a2",
                     "ControllerName":  "Ryan Hausknecht",
                     "ControllerID":  "7924105b-af0d-48f8-bab5-fdf0a5d33173",
                     "ControllerType":  "User",
                     "ControllerOnPremID":  null,
                     "RoleName":  "User Access Administrator",
                     "RoleDefinitionId":  "18d7d88d-d35e-4fb5-a5c3-7773c20a72d9"
                 },
                 {
                     "VMID":  "ccf03846-a5b4-4278-a45c-c6ad9f8c13a2",
                     "ControllerName":  "Andrew Robbins",
                     "ControllerID":  "a9c15145-4ce3-4469-9cff-116333168aa4",
                     "ControllerType":  "User",
                     "ControllerOnPremID":  null,
                     "RoleName":  "User Access Administrator",
                     "RoleDefinitionId":  "18d7d88d-d35e-4fb5-a5c3-7773c20a72d9"
                 },
                 {
                     "VMID":  "ccf03846-a5b4-4278-a45c-c6ad9f8c13a2",
                     "ControllerName":  "Administrator",
                     "ControllerID":  "c9a14f0d-29ec-4242-8eda-645117807361",
                     "ControllerType":  "User",
                     "ControllerOnPremID":  null,
                     "RoleName":  "User Access Administrator",
                     "RoleDefinitionId":  "18d7d88d-d35e-4fb5-a5c3-7773c20a72d9"
                 },
                 {
                     "VMID":  "6f17c274-47d6-4395-baad-a1210a4822b8",
                     "ControllerName":  "SOC Level 3",
                     "ControllerID":  "3b6b6cb0-b8c2-4d11-8ffa-1dfe13177a3e",
                     "ControllerType":  "Group",
                     "ControllerOnPremID":  "S-1-5-21-2579124464-1924754583-1592496503-1110",
                     "RoleName":  "Owner",
                     "RoleDefinitionId":  "8e3af657-a8ff-443c-a75c-2fe8c4bcb635"
                 },
                 {
                     "VMID":  "6f17c274-47d6-4395-baad-a1210a4822b8",
                     "ControllerName":  "JasonFrank",
                     "ControllerID":  "48704212-bbbf-4408-a9c4-24fe57903bd2",
                     "ControllerType":  "User",
                     "ControllerOnPremID":  null,
                     "RoleName":  "Owner",
                     "RoleDefinitionId":  "8e3af657-a8ff-443c-a75c-2fe8c4bcb635"
                 },
                 {
                     "VMID":  "6f17c274-47d6-4395-baad-a1210a4822b8",
                     "ControllerName":  "Ryan Hausknecht",
                     "ControllerID":  "7924105b-af0d-48f8-bab5-fdf0a5d33173",
                     "ControllerType":  "User",
                     "ControllerOnPremID":  null,
                     "RoleName":  "Owner",
                     "RoleDefinitionId":  "8e3af657-a8ff-443c-a75c-2fe8c4bcb635"
                 },
                 {
                     "VMID":  "6f17c274-47d6-4395-baad-a1210a4822b8",
                     "ControllerName":  "Andrew Robbins",
                     "ControllerID":  "a9c15145-4ce3-4469-9cff-116333168aa4",
                     "ControllerType":  "User",
                     "ControllerOnPremID":  null,
                     "RoleName":  "Owner",
                     "RoleDefinitionId":  "8e3af657-a8ff-443c-a75c-2fe8c4bcb635"
                 },
                 {
                     "VMID":  "6f17c274-47d6-4395-baad-a1210a4822b8",
                     "ControllerName":  "Rohan Vazarkar",
                     "ControllerID":  "ce93ead4-82b5-48fa-ad76-f25e46bee779",
                     "ControllerType":  "User",
                     "ControllerOnPremID":  null,
                     "RoleName":  "Owner",
                     "RoleDefinitionId":  "8e3af657-a8ff-443c-a75c-2fe8c4bcb635"
                 },
                 {
                     "VMID":  "6f17c274-47d6-4395-baad-a1210a4822b8",
                     "ControllerName":  "MyAutomationAccount_rKc6mBq2I4mtILUv4IUIZykRhsNwSl3T5tcPrNSOTf4=",
                     "ControllerID":  "48c2c345-bb01-43f1-bfd5-bbeec5b944d2",
                     "ControllerType":  "ServicePrincipal",
                     "ControllerOnPremID":  null,
                     "RoleName":  "Contributor",
                     "RoleDefinitionId":  "b24988ac-6180-42a0-ab88-20f7382dd24c"
                 },
                 {
                     "VMID":  "6f17c274-47d6-4395-baad-a1210a4822b8",
                     "ControllerName":  "JasonFrank",
                     "ControllerID":  "48704212-bbbf-4408-a9c4-24fe57903bd2",
                     "ControllerType":  "User",
                     "ControllerOnPremID":  null,
                     "RoleName":  "User Access Administrator",
                     "RoleDefinitionId":  "18d7d88d-d35e-4fb5-a5c3-7773c20a72d9"
                 },
                 {
                     "VMID":  "6f17c274-47d6-4395-baad-a1210a4822b8",
                     "ControllerName":  "Ryan Hausknecht",
                     "ControllerID":  "7924105b-af0d-48f8-bab5-fdf0a5d33173",
                     "ControllerType":  "User",
                     "ControllerOnPremID":  null,
                     "RoleName":  "User Access Administrator",
                     "RoleDefinitionId":  "18d7d88d-d35e-4fb5-a5c3-7773c20a72d9"
                 },
                 {
                     "VMID":  "6f17c274-47d6-4395-baad-a1210a4822b8",
                     "ControllerName":  "Andrew Robbins",
                     "ControllerID":  "a9c15145-4ce3-4469-9cff-116333168aa4",
                     "ControllerType":  "User",
                     "ControllerOnPremID":  null,
                     "RoleName":  "User Access Administrator",
                     "RoleDefinitionId":  "18d7d88d-d35e-4fb5-a5c3-7773c20a72d9"
                 },
                 {
                     "VMID":  "6f17c274-47d6-4395-baad-a1210a4822b8",
                     "ControllerName":  "Administrator",
                     "ControllerID":  "c9a14f0d-29ec-4242-8eda-645117807361",
                     "ControllerType":  "User",
                     "ControllerOnPremID":  null,
                     "RoleName":  "User Access Administrator",
                     "RoleDefinitionId":  "18d7d88d-d35e-4fb5-a5c3-7773c20a72d9"
                 },
                 {
                     "VMID":  "1602245c-1d64-41a5-b57e-87681ce586dd",
                     "ControllerName":  "SpecterTestOps-TestDevOps-907960bc-09d7-4e81-8b57-a07934a651e8",
                     "ControllerID":  "14bad954-6d3e-4186-9064-4816bd70f4c6",
                     "ControllerType":  "ServicePrincipal",
                     "ControllerOnPremID":  null,
                     "RoleName":  "Contributor",
                     "RoleDefinitionId":  "b24988ac-6180-42a0-ab88-20f7382dd24c"
                 },
                 {
                     "VMID":  "1602245c-1d64-41a5-b57e-87681ce586dd",
                     "ControllerName":  "JasonFrank",
                     "ControllerID":  "48704212-bbbf-4408-a9c4-24fe57903bd2",
                     "ControllerType":  "User",
                     "ControllerOnPremID":  null,
                     "RoleName":  "Owner",
                     "RoleDefinitionId":  "8e3af657-a8ff-443c-a75c-2fe8c4bcb635"
                 },
                 {
                     "VMID":  "1602245c-1d64-41a5-b57e-87681ce586dd",
                     "ControllerName":  "Ryan Hausknecht",
                     "ControllerID":  "7924105b-af0d-48f8-bab5-fdf0a5d33173",
                     "ControllerType":  "User",
                     "ControllerOnPremID":  null,
                     "RoleName":  "Owner",
                     "RoleDefinitionId":  "8e3af657-a8ff-443c-a75c-2fe8c4bcb635"
                 },
                 {
                     "VMID":  "1602245c-1d64-41a5-b57e-87681ce586dd",
                     "ControllerName":  "Andrew Robbins",
                     "ControllerID":  "a9c15145-4ce3-4469-9cff-116333168aa4",
                     "ControllerType":  "User",
                     "ControllerOnPremID":  null,
                     "RoleName":  "Owner",
                     "RoleDefinitionId":  "8e3af657-a8ff-443c-a75c-2fe8c4bcb635"
                 },
                 {
                     "VMID":  "1602245c-1d64-41a5-b57e-87681ce586dd",
                     "ControllerName":  "Rohan Vazarkar",
                     "ControllerID":  "ce93ead4-82b5-48fa-ad76-f25e46bee779",
                     "ControllerType":  "User",
                     "ControllerOnPremID":  null,
                     "RoleName":  "Owner",
                     "RoleDefinitionId":  "8e3af657-a8ff-443c-a75c-2fe8c4bcb635"
                 },
                 {
                     "VMID":  "1602245c-1d64-41a5-b57e-87681ce586dd",
                     "ControllerName":  "MyAutomationAccount_rKc6mBq2I4mtILUv4IUIZykRhsNwSl3T5tcPrNSOTf4=",
                     "ControllerID":  "48c2c345-bb01-43f1-bfd5-bbeec5b944d2",
                     "ControllerType":  "ServicePrincipal",
                     "ControllerOnPremID":  null,
                     "RoleName":  "Contributor",
                     "RoleDefinitionId":  "b24988ac-6180-42a0-ab88-20f7382dd24c"
                 },
                 {
                     "VMID":  "1602245c-1d64-41a5-b57e-87681ce586dd",
                     "ControllerName":  "JasonFrank",
                     "ControllerID":  "48704212-bbbf-4408-a9c4-24fe57903bd2",
                     "ControllerType":  "User",
                     "ControllerOnPremID":  null,
                     "RoleName":  "User Access Administrator",
                     "RoleDefinitionId":  "18d7d88d-d35e-4fb5-a5c3-7773c20a72d9"
                 },
                 {
                     "VMID":  "1602245c-1d64-41a5-b57e-87681ce586dd",
                     "ControllerName":  "Ryan Hausknecht",
                     "ControllerID":  "7924105b-af0d-48f8-bab5-fdf0a5d33173",
                     "ControllerType":  "User",
                     "ControllerOnPremID":  null,
                     "RoleName":  "User Access Administrator",
                     "RoleDefinitionId":  "18d7d88d-d35e-4fb5-a5c3-7773c20a72d9"
                 },
                 {
                     "VMID":  "1602245c-1d64-41a5-b57e-87681ce586dd",
                     "ControllerName":  "Andrew Robbins",
                     "ControllerID":  "a9c15145-4ce3-4469-9cff-116333168aa4",
                     "ControllerType":  "User",
                     "ControllerOnPremID":  null,
                     "RoleName":  "User Access Administrator",
                     "RoleDefinitionId":  "18d7d88d-d35e-4fb5-a5c3-7773c20a72d9"
                 },
                 {
                     "VMID":  "1602245c-1d64-41a5-b57e-87681ce586dd",
                     "ControllerName":  "Administrator",
                     "ControllerID":  "c9a14f0d-29ec-4242-8eda-645117807361",
                     "ControllerType":  "User",
                     "ControllerOnPremID":  null,
                     "RoleName":  "User Access Administrator",
                     "RoleDefinitionId":  "18d7d88d-d35e-4fb5-a5c3-7773c20a72d9"
                 },
                 {
                     "VMID":  "07185a7a-cb58-44bf-9f3e-457ba4d452e3",
                     "ControllerName":  "Ryan Hausknecht",
                     "ControllerID":  "7924105b-af0d-48f8-bab5-fdf0a5d33173",
                     "ControllerType":  "User",
                     "ControllerOnPremID":  null,
                     "RoleName":  "Virtual Machine Administrator Login",
                     "RoleDefinitionId":  "1c0163c0-47e6-4577-8991-ea5c82e286e4"
                 },
                 {
                     "VMID":  "07185a7a-cb58-44bf-9f3e-457ba4d452e3",
                     "ControllerName":  "JasonFrank",
                     "ControllerID":  "48704212-bbbf-4408-a9c4-24fe57903bd2",
                     "ControllerType":  "User",
                     "ControllerOnPremID":  null,
                     "RoleName":  "Owner",
                     "RoleDefinitionId":  "8e3af657-a8ff-443c-a75c-2fe8c4bcb635"
                 },
                 {
                     "VMID":  "07185a7a-cb58-44bf-9f3e-457ba4d452e3",
                     "ControllerName":  "Ryan Hausknecht",
                     "ControllerID":  "7924105b-af0d-48f8-bab5-fdf0a5d33173",
                     "ControllerType":  "User",
                     "ControllerOnPremID":  null,
                     "RoleName":  "Owner",
                     "RoleDefinitionId":  "8e3af657-a8ff-443c-a75c-2fe8c4bcb635"
                 },
                 {
                     "VMID":  "07185a7a-cb58-44bf-9f3e-457ba4d452e3",
                     "ControllerName":  "Andrew Robbins",
                     "ControllerID":  "a9c15145-4ce3-4469-9cff-116333168aa4",
                     "ControllerType":  "User",
                     "ControllerOnPremID":  null,
                     "RoleName":  "Owner",
                     "RoleDefinitionId":  "8e3af657-a8ff-443c-a75c-2fe8c4bcb635"
                 },
                 {
                     "VMID":  "07185a7a-cb58-44bf-9f3e-457ba4d452e3",
                     "ControllerName":  "JasonFrank",
                     "ControllerID":  "48704212-bbbf-4408-a9c4-24fe57903bd2",
                     "ControllerType":  "User",
                     "ControllerOnPremID":  null,
                     "RoleName":  "User Access Administrator",
                     "RoleDefinitionId":  "18d7d88d-d35e-4fb5-a5c3-7773c20a72d9"
                 },
                 {
                     "VMID":  "07185a7a-cb58-44bf-9f3e-457ba4d452e3",
                     "ControllerName":  "Ryan Hausknecht",
                     "ControllerID":  "7924105b-af0d-48f8-bab5-fdf0a5d33173",
                     "ControllerType":  "User",
                     "ControllerOnPremID":  null,
                     "RoleName":  "User Access Administrator",
                     "RoleDefinitionId":  "18d7d88d-d35e-4fb5-a5c3-7773c20a72d9"
                 },
                 {
                     "VMID":  "07185a7a-cb58-44bf-9f3e-457ba4d452e3",
                     "ControllerName":  "Andrew Robbins",
                     "ControllerID":  "a9c15145-4ce3-4469-9cff-116333168aa4",
                     "ControllerType":  "User",
                     "ControllerOnPremID":  null,
                     "RoleName":  "User Access Administrator",
                     "RoleDefinitionId":  "18d7d88d-d35e-4fb5-a5c3-7773c20a72d9"
                 },
                 {
                     "VMID":  "07185a7a-cb58-44bf-9f3e-457ba4d452e3",
                     "ControllerName":  "Administrator",
                     "ControllerID":  "c9a14f0d-29ec-4242-8eda-645117807361",
                     "ControllerType":  "User",
                     "ControllerOnPremID":  null,
                     "RoleName":  "User Access Administrator",
                     "RoleDefinitionId":  "18d7d88d-d35e-4fb5-a5c3-7773c20a72d9"
                 },
                 {
                     "VMID":  "7d84186a-a4c2-4510-9a44-5360c1b4d970",
                     "ControllerName":  "Ryan Hausknecht",
                     "ControllerID":  "7924105b-af0d-48f8-bab5-fdf0a5d33173",
                     "ControllerType":  "User",
                     "ControllerOnPremID":  null,
                     "RoleName":  "Virtual Machine Administrator Login",
                     "RoleDefinitionId":  "1c0163c0-47e6-4577-8991-ea5c82e286e4"
                 },
                 {
                     "VMID":  "7d84186a-a4c2-4510-9a44-5360c1b4d970",
                     "ControllerName":  "JasonFrank",
                     "ControllerID":  "48704212-bbbf-4408-a9c4-24fe57903bd2",
                     "ControllerType":  "User",
                     "ControllerOnPremID":  null,
                     "RoleName":  "Owner",
                     "RoleDefinitionId":  "8e3af657-a8ff-443c-a75c-2fe8c4bcb635"
                 },
                 {
                     "VMID":  "7d84186a-a4c2-4510-9a44-5360c1b4d970",
                     "ControllerName":  "Ryan Hausknecht",
                     "ControllerID":  "7924105b-af0d-48f8-bab5-fdf0a5d33173",
                     "ControllerType":  "User",
                     "ControllerOnPremID":  null,
                     "RoleName":  "Owner",
                     "RoleDefinitionId":  "8e3af657-a8ff-443c-a75c-2fe8c4bcb635"
                 },
                 {
                     "VMID":  "7d84186a-a4c2-4510-9a44-5360c1b4d970",
                     "ControllerName":  "Andrew Robbins",
                     "ControllerID":  "a9c15145-4ce3-4469-9cff-116333168aa4",
                     "ControllerType":  "User",
                     "ControllerOnPremID":  null,
                     "RoleName":  "Owner",
                     "RoleDefinitionId":  "8e3af657-a8ff-443c-a75c-2fe8c4bcb635"
                 },
                 {
                     "VMID":  "7d84186a-a4c2-4510-9a44-5360c1b4d970",
                     "ControllerName":  "JasonFrank",
                     "ControllerID":  "48704212-bbbf-4408-a9c4-24fe57903bd2",
                     "ControllerType":  "User",
                     "ControllerOnPremID":  null,
                     "RoleName":  "User Access Administrator",
                     "RoleDefinitionId":  "18d7d88d-d35e-4fb5-a5c3-7773c20a72d9"
                 },
                 {
                     "VMID":  "7d84186a-a4c2-4510-9a44-5360c1b4d970",
                     "ControllerName":  "Ryan Hausknecht",
                     "ControllerID":  "7924105b-af0d-48f8-bab5-fdf0a5d33173",
                     "ControllerType":  "User",
                     "ControllerOnPremID":  null,
                     "RoleName":  "User Access Administrator",
                     "RoleDefinitionId":  "18d7d88d-d35e-4fb5-a5c3-7773c20a72d9"
                 },
                 {
                     "VMID":  "7d84186a-a4c2-4510-9a44-5360c1b4d970",
                     "ControllerName":  "Andrew Robbins",
                     "ControllerID":  "a9c15145-4ce3-4469-9cff-116333168aa4",
                     "ControllerType":  "User",
                     "ControllerOnPremID":  null,
                     "RoleName":  "User Access Administrator",
                     "RoleDefinitionId":  "18d7d88d-d35e-4fb5-a5c3-7773c20a72d9"
                 },
                 {
                     "VMID":  "7d84186a-a4c2-4510-9a44-5360c1b4d970",
                     "ControllerName":  "Administrator",
                     "ControllerID":  "c9a14f0d-29ec-4242-8eda-645117807361",
                     "ControllerType":  "User",
                     "ControllerOnPremID":  null,
                     "RoleName":  "User Access Administrator",
                     "RoleDefinitionId":  "18d7d88d-d35e-4fb5-a5c3-7773c20a72d9"
                 },
                 {
                     "VMID":  "f2ff5614-18a6-41d6-9922-ac6f30ec8967",
                     "ControllerName":  "Ryan Hausknecht",
                     "ControllerID":  "7924105b-af0d-48f8-bab5-fdf0a5d33173",
                     "ControllerType":  "User",
                     "ControllerOnPremID":  null,
                     "RoleName":  "Virtual Machine Administrator Login",
                     "RoleDefinitionId":  "1c0163c0-47e6-4577-8991-ea5c82e286e4"
                 },
                 {
                     "VMID":  "f2ff5614-18a6-41d6-9922-ac6f30ec8967",
                     "ControllerName":  "JasonFrank",
                     "ControllerID":  "48704212-bbbf-4408-a9c4-24fe57903bd2",
                     "ControllerType":  "User",
                     "ControllerOnPremID":  null,
                     "RoleName":  "Owner",
                     "RoleDefinitionId":  "8e3af657-a8ff-443c-a75c-2fe8c4bcb635"
                 },
                 {
                     "VMID":  "f2ff5614-18a6-41d6-9922-ac6f30ec8967",
                     "ControllerName":  "Ryan Hausknecht",
                     "ControllerID":  "7924105b-af0d-48f8-bab5-fdf0a5d33173",
                     "ControllerType":  "User",
                     "ControllerOnPremID":  null,
                     "RoleName":  "Owner",
                     "RoleDefinitionId":  "8e3af657-a8ff-443c-a75c-2fe8c4bcb635"
                 },
                 {
                     "VMID":  "f2ff5614-18a6-41d6-9922-ac6f30ec8967",
                     "ControllerName":  "Andrew Robbins",
                     "ControllerID":  "a9c15145-4ce3-4469-9cff-116333168aa4",
                     "ControllerType":  "User",
                     "ControllerOnPremID":  null,
                     "RoleName":  "Owner",
                     "RoleDefinitionId":  "8e3af657-a8ff-443c-a75c-2fe8c4bcb635"
                 },
                 {
                     "VMID":  "f2ff5614-18a6-41d6-9922-ac6f30ec8967",
                     "ControllerName":  "JasonFrank",
                     "ControllerID":  "48704212-bbbf-4408-a9c4-24fe57903bd2",
                     "ControllerType":  "User",
                     "ControllerOnPremID":  null,
                     "RoleName":  "User Access Administrator",
                     "RoleDefinitionId":  "18d7d88d-d35e-4fb5-a5c3-7773c20a72d9"
                 },
                 {
                     "VMID":  "f2ff5614-18a6-41d6-9922-ac6f30ec8967",
                     "ControllerName":  "Ryan Hausknecht",
                     "ControllerID":  "7924105b-af0d-48f8-bab5-fdf0a5d33173",
                     "ControllerType":  "User",
                     "ControllerOnPremID":  null,
                     "RoleName":  "User Access Administrator",
                     "RoleDefinitionId":  "18d7d88d-d35e-4fb5-a5c3-7773c20a72d9"
                 },
                 {
                     "VMID":  "f2ff5614-18a6-41d6-9922-ac6f30ec8967",
                     "ControllerName":  "Andrew Robbins",
                     "ControllerID":  "a9c15145-4ce3-4469-9cff-116333168aa4",
                     "ControllerType":  "User",
                     "ControllerOnPremID":  null,
                     "RoleName":  "User Access Administrator",
                     "RoleDefinitionId":  "18d7d88d-d35e-4fb5-a5c3-7773c20a72d9"
                 },
                 {
                     "VMID":  "f2ff5614-18a6-41d6-9922-ac6f30ec8967",
                     "ControllerName":  "Administrator",
                     "ControllerID":  "c9a14f0d-29ec-4242-8eda-645117807361",
                     "ControllerType":  "User",
                     "ControllerOnPremID":  null,
                     "RoleName":  "User Access Administrator",
                     "RoleDefinitionId":  "18d7d88d-d35e-4fb5-a5c3-7773c20a72d9"
                 }
             ]
}
