﻿{
    "meta":  {
                 "count":  11,
                 "type":  "azglobaladminrights",
                 "version":  4
             },
    "data":  [
                 {
                     "UserName":  "Administrator",
                     "UserID":  "c9a14f0d-29ec-4242-8eda-645117807361",
                     "UserOnPremID":  null,
                     "TenantDisplayName":  "Default Directory",
                     "TenantID":  "ba8c4db2-44fa-427a-a380-6e59cb50bb88"
                 },
                 {
                     "UserName":  "Andrew Robbins",
                     "UserID":  "a9c15145-4ce3-4469-9cff-116333168aa4",
                     "UserOnPremID":  null,
                     "TenantDisplayName":  "Default Directory",
                     "TenantID":  "ba8c4db2-44fa-427a-a380-6e59cb50bb88"
                 },
                 {
                     "UserName":  "JasonFrank",
                     "UserID":  "48704212-bbbf-4408-a9c4-24fe57903bd2",
                     "UserOnPremID":  null,
                     "TenantDisplayName":  "Default Directory",
                     "TenantID":  "ba8c4db2-44fa-427a-a380-6e59cb50bb88"
                 },
                 {
                     "UserName":  "Jeff Dimmock",
                     "UserID":  "5a126726-da21-4a04-801e-8dc55c1adde1",
                     "UserOnPremID":  "S-1-5-21-2579124464-1924754583-1592496503-1109",
                     "TenantDisplayName":  "Default Directory",
                     "TenantID":  "ba8c4db2-44fa-427a-a380-6e59cb50bb88"
                 },
                 {
                     "UserName":  "Jo Johnson",
                     "UserID":  "3a63f1ec-ab9b-4f56-b4e2-552acd6bdf45",
                     "UserOnPremID":  null,
                     "TenantDisplayName":  "Default Directory",
                     "TenantID":  "ba8c4db2-44fa-427a-a380-6e59cb50bb88"
                 },
                 {
                     "UserName":  "Rob Lint",
                     "UserID":  "b58a679d-e525-4598-bca5-b1f23ae432b5",
                     "UserOnPremID":  null,
                     "TenantDisplayName":  "Default Directory",
                     "TenantID":  "ba8c4db2-44fa-427a-a380-6e59cb50bb88"
                 },
                 {
                     "UserName":  "Rohan Vazarkar",
                     "UserID":  "ce93ead4-82b5-48fa-ad76-f25e46bee779",
                     "UserOnPremID":  null,
                     "TenantDisplayName":  "Default Directory",
                     "TenantID":  "ba8c4db2-44fa-427a-a380-6e59cb50bb88"
                 },
                 {
                     "UserName":  "Ryan Hausknecht",
                     "UserID":  "7924105b-af0d-48f8-bab5-fdf0a5d33173",
                     "UserOnPremID":  null,
                     "TenantDisplayName":  "Default Directory",
                     "TenantID":  "ba8c4db2-44fa-427a-a380-6e59cb50bb88"
                 },
                 {
                     "UserName":  "TestGroup",
                     "UserID":  "cc8263d5-6935-4e46-96ba-aea1bac31b55",
                     "UserOnPremID":  null,
                     "TenantDisplayName":  "Default Directory",
                     "TenantID":  "ba8c4db2-44fa-427a-a380-6e59cb50bb88"
                 },
                 {
                     "UserName":  "ThisAppHasGlobalAdminRole",
                     "UserID":  "3d6d9a4f-701c-4c15-8100-f97d6349994a",
                     "UserOnPremID":  null,
                     "TenantDisplayName":  "Default Directory",
                     "TenantID":  "ba8c4db2-44fa-427a-a380-6e59cb50bb88"
                 },
                 {
                     "UserName":  "Tim Gamble",
                     "UserID":  "80049609-7c0f-401e-87a0-f87adb2953ca",
                     "UserOnPremID":  "S-1-5-21-2669474957-1190889522-1413916528-1109",
                     "TenantDisplayName":  "Default Directory",
                     "TenantID":  "ba8c4db2-44fa-427a-a380-6e59cb50bb88"
                 }
             ]
}
