﻿{
    "meta":  {
                 "count":  1,
                 "type":  "azkeyvaults",
                 "version":  4
             },
    "data":  [
                 {
                     "AzKeyVaultName":  "BloodHoundKeyvault001",
                     "AzKeyVaultID":  "/subscriptions/30e3268b-2385-47bb-8b38-1b8ba6ef05fb/resourceGroups/Keyvault-RG/providers/Microsoft.KeyVault/vaults/BloodHoundKeyvault001",
                     "ResourceGroupName":  "Keyvault-RG",
                     "ResoucreGroupSub":  "30e3268b-2385-47bb-8b38-1b8ba6ef05fb",
                     "ResourceGroupID":  "/subscriptions/30e3268b-2385-47bb-8b38-1b8ba6ef05fb/resourceGroups/Keyvault-RG"
                 }
             ]
}
