﻿{
    "meta":  {
                 "count":  8,
                 "type":  "azapplicationtosp",
                 "version":  4
             },
    "data":  [
                 {
                     "AppId":  "6eca6b85-7a3d-4fcf-b8da-c15a4380d286",
                     "AppName":  "MyAutomationAccount_rKc6mBq2I4mtILUv4IUIZykRhsNwSl3T5tcPrNSOTf4=",
                     "ServicePrincipalId":  "48c2c345-bb01-43f1-bfd5-bbeec5b944d2",
                     "ServicePrincipalType":  "ServicePrincipal"
                 },
                 {
                     "AppId":  "f0564421-da5c-41fc-b163-ea1daa89b1b5",
                     "AppName":  "ThisAppHasNoAdminRoles",
                     "ServicePrincipalId":  "09a62498-675f-4dd1-a99b-f81ed8a65757",
                     "ServicePrincipalType":  "ServicePrincipal"
                 },
                 {
                     "AppId":  "810a637e-4b2f-4692-9193-17a0dd94d118",
                     "AppName":  "ThisAppHasGlobalAdminRole",
                     "ServicePrincipalId":  "3d6d9a4f-701c-4c15-8100-f97d6349994a",
                     "ServicePrincipalType":  "ServicePrincipal"
                 },
                 {
                     "AppId":  "e2a2d7e2-ba03-4cf3-a3df-4d17dd8ebd17",
                     "AppName":  "ThisAppHasAppAdminRole",
                     "ServicePrincipalId":  "a5510903-ebed-4a1d-9ea8-62ceaea3ba44",
                     "ServicePrincipalType":  "ServicePrincipal"
                 },
                 {
                     "AppId":  "ad04cdfa-d928-48da-9912-60dff3d8d07b",
                     "AppName":  "ThisAppHasCloudAppAdminRole",
                     "ServicePrincipalId":  "ac3c5fab-816c-4737-9ca0-bfd87a61bd47",
                     "ServicePrincipalType":  "ServicePrincipal"
                 },
                 {
                     "AppId":  "06d7130d-ba8e-4f25-b15a-70ca512f3185",
                     "AppName":  "MyTestApp",
                     "ServicePrincipalId":  "46a388f1-c443-408c-a549-85e75c44d211",
                     "ServicePrincipalType":  "ServicePrincipal"
                 },
                 {
                     "AppId":  "9205b7d9-5290-424c-b988-b2874841d712",
                     "AppName":  "SpecterTestOps-TestDevOps-907960bc-09d7-4e81-8b57-a07934a651e8",
                     "ServicePrincipalId":  "14bad954-6d3e-4186-9064-4816bd70f4c6",
                     "ServicePrincipalType":  "ServicePrincipal"
                 },
                 {
                     "AppId":  "2d9e4274-daca-4df7-b455-22092d9e244a",
                     "AppName":  "P2P Server",
                     "ServicePrincipalId":  "35ea3aff-c0dd-43cb-b9db-321f4827379b",
                     "ServicePrincipalType":  "ServicePrincipal"
                 }
             ]
}
