﻿{
    "meta":  {
                 "count":  12,
                 "type":  "azkvaccesspolicies",
                 "version":  4
             },
    "data":  [
                 {
                     "KVID":  "/subscriptions/30e3268b-2385-47bb-8b38-1b8ba6ef05fb/resourceGroups/Keyvault-RG/providers/Microsoft.KeyVault/vaults/BloodHoundKeyvault001",
                     "ControllerID":  "c551209e-58b2-43fe-9959-cae1b84d7ab7",
                     "ObjectOnPremID":  "S-1-5-21-2669474957-1190889522-1413916528-1110",
                     "Access":  "GetKeys"
                 },
                 {
                     "KVID":  "/subscriptions/30e3268b-2385-47bb-8b38-1b8ba6ef05fb/resourceGroups/Keyvault-RG/providers/Microsoft.KeyVault/vaults/BloodHoundKeyvault001",
                     "ControllerID":  "c551209e-58b2-43fe-9959-cae1b84d7ab7",
                     "ObjectOnPremID":  "S-1-5-21-2669474957-1190889522-1413916528-1110",
                     "Access":  "GetCertificates"
                 },
                 {
                     "KVID":  "/subscriptions/30e3268b-2385-47bb-8b38-1b8ba6ef05fb/resourceGroups/Keyvault-RG/providers/Microsoft.KeyVault/vaults/BloodHoundKeyvault001",
                     "ControllerID":  "c551209e-58b2-43fe-9959-cae1b84d7ab7",
                     "ObjectOnPremID":  "S-1-5-21-2669474957-1190889522-1413916528-1110",
                     "Access":  "GetSecrets"
                 },
                 {
                     "KVID":  "/subscriptions/30e3268b-2385-47bb-8b38-1b8ba6ef05fb/resourceGroups/Keyvault-RG/providers/Microsoft.KeyVault/vaults/BloodHoundKeyvault001",
                     "ControllerID":  "c9a14f0d-29ec-4242-8eda-645117807361",
                     "ObjectOnPremID":  null,
                     "Access":  "GetKeys"
                 },
                 {
                     "KVID":  "/subscriptions/30e3268b-2385-47bb-8b38-1b8ba6ef05fb/resourceGroups/Keyvault-RG/providers/Microsoft.KeyVault/vaults/BloodHoundKeyvault001",
                     "ControllerID":  "c9a14f0d-29ec-4242-8eda-645117807361",
                     "ObjectOnPremID":  null,
                     "Access":  "GetCertificates"
                 },
                 {
                     "KVID":  "/subscriptions/30e3268b-2385-47bb-8b38-1b8ba6ef05fb/resourceGroups/Keyvault-RG/providers/Microsoft.KeyVault/vaults/BloodHoundKeyvault001",
                     "ControllerID":  "c9a14f0d-29ec-4242-8eda-645117807361",
                     "ObjectOnPremID":  null,
                     "Access":  "GetSecrets"
                 },
                 {
                     "KVID":  "/subscriptions/30e3268b-2385-47bb-8b38-1b8ba6ef05fb/resourceGroups/Keyvault-RG/providers/Microsoft.KeyVault/vaults/BloodHoundKeyvault001",
                     "ControllerID":  "a9c15145-4ce3-4469-9cff-116333168aa4",
                     "ObjectOnPremID":  null,
                     "Access":  "GetKeys"
                 },
                 {
                     "KVID":  "/subscriptions/30e3268b-2385-47bb-8b38-1b8ba6ef05fb/resourceGroups/Keyvault-RG/providers/Microsoft.KeyVault/vaults/BloodHoundKeyvault001",
                     "ControllerID":  "a9c15145-4ce3-4469-9cff-116333168aa4",
                     "ObjectOnPremID":  null,
                     "Access":  "GetCertificates"
                 },
                 {
                     "KVID":  "/subscriptions/30e3268b-2385-47bb-8b38-1b8ba6ef05fb/resourceGroups/Keyvault-RG/providers/Microsoft.KeyVault/vaults/BloodHoundKeyvault001",
                     "ControllerID":  "a9c15145-4ce3-4469-9cff-116333168aa4",
                     "ObjectOnPremID":  null,
                     "Access":  "GetSecrets"
                 },
                 {
                     "KVID":  "/subscriptions/30e3268b-2385-47bb-8b38-1b8ba6ef05fb/resourceGroups/Keyvault-RG/providers/Microsoft.KeyVault/vaults/BloodHoundKeyvault001",
                     "ControllerID":  "7924105b-af0d-48f8-bab5-fdf0a5d33173",
                     "ObjectOnPremID":  null,
                     "Access":  "GetKeys"
                 },
                 {
                     "KVID":  "/subscriptions/30e3268b-2385-47bb-8b38-1b8ba6ef05fb/resourceGroups/Keyvault-RG/providers/Microsoft.KeyVault/vaults/BloodHoundKeyvault001",
                     "ControllerID":  "7924105b-af0d-48f8-bab5-fdf0a5d33173",
                     "ObjectOnPremID":  null,
                     "Access":  "GetCertificates"
                 },
                 {
                     "KVID":  "/subscriptions/30e3268b-2385-47bb-8b38-1b8ba6ef05fb/resourceGroups/Keyvault-RG/providers/Microsoft.KeyVault/vaults/BloodHoundKeyvault001",
                     "ControllerID":  "7924105b-af0d-48f8-bab5-fdf0a5d33173",
                     "ObjectOnPremID":  null,
                     "Access":  "GetSecrets"
                 }
             ]
}
