﻿{
    "meta":  {
                 "count":  47,
                 "type":  "azusers",
                 "version":  4
             },
    "data":  [
                 {
                     "DisplayName":  "Administrator",
                     "UserPrincipalName":  "administrator@wald0azureresearchgmail.onmicrosoft.com",
                     "OnPremisesSecurityIdentifier":  null,
                     "ObjectID":  "c9a14f0d-29ec-4242-8eda-645117807361",
                     "TenantID":  "ba8c4db2-44fa-427a-a380-6e59cb50bb88"
                 },
                 {
                     "DisplayName":  "alice",
                     "UserPrincipalName":  "Alice@fabrikamfinance.com",
                     "OnPremisesSecurityIdentifier":  null,
                     "ObjectID":  "235ff5ea-7ae4-4f43-8b81-d50fe41b0300",
                     "TenantID":  "ba8c4db2-44fa-427a-a380-6e59cb50bb88"
                 },
                 {
                     "DisplayName":  "alice",
                     "UserPrincipalName":  "alice@wald0azureresearchgmail.onmicrosoft.com",
                     "OnPremisesSecurityIdentifier":  null,
                     "ObjectID":  "9c195954-84c2-433c-91b7-39994eb2d708",
                     "TenantID":  "ba8c4db2-44fa-427a-a380-6e59cb50bb88"
                 },
                 {
                     "DisplayName":  "App Admin",
                     "UserPrincipalName":  "AppAdminUser@fabrikamfinance.com",
                     "OnPremisesSecurityIdentifier":  null,
                     "ObjectID":  "68333512-515a-4d83-94b2-40cc33e6b4e3",
                     "TenantID":  "ba8c4db2-44fa-427a-a380-6e59cb50bb88"
                 },
                 {
                     "DisplayName":  "appman",
                     "UserPrincipalName":  "appman@wald0azureresearchgmail.onmicrosoft.com",
                     "OnPremisesSecurityIdentifier":  null,
                     "ObjectID":  "27ed1b2d-c232-44cf-af3d-8a76fadc69e2",
                     "TenantID":  "ba8c4db2-44fa-427a-a380-6e59cb50bb88"
                 },
                 {
                     "DisplayName":  "App Owner",
                     "UserPrincipalName":  "AppOwner@wald0azureresearchgmail.onmicrosoft.com",
                     "OnPremisesSecurityIdentifier":  null,
                     "ObjectID":  "56057c7e-8a15-4c60-97b6-4b24be4d26cf",
                     "TenantID":  "ba8c4db2-44fa-427a-a380-6e59cb50bb88"
                 },
                 {
                     "DisplayName":  "BreakGlassGA",
                     "UserPrincipalName":  "BreakGlassGA@fabrikamfinance.com",
                     "OnPremisesSecurityIdentifier":  null,
                     "ObjectID":  "44a460dd-12ba-41d0-9eca-c09326ac0e74",
                     "TenantID":  "ba8c4db2-44fa-427a-a380-6e59cb50bb88"
                 },
                 {
                     "DisplayName":  "Change My Password",
                     "UserPrincipalName":  "changemypassword@wald0azureresearchgmail.onmicrosoft.com",
                     "OnPremisesSecurityIdentifier":  null,
                     "ObjectID":  "7107d972-9577-4d8d-bfcd-577aa5138e85",
                     "TenantID":  "ba8c4db2-44fa-427a-a380-6e59cb50bb88"
                 },
                 {
                     "DisplayName":  "Chris Ross",
                     "UserPrincipalName":  "chris.ross@wald0azureresearchgmail.onmicrosoft.com",
                     "OnPremisesSecurityIdentifier":  null,
                     "ObjectID":  "f3c3c274-63c7-45aa-94bc-9548e6983efc",
                     "TenantID":  "ba8c4db2-44fa-427a-a380-6e59cb50bb88"
                 },
                 {
                     "DisplayName":  "Cloud App Admin User",
                     "UserPrincipalName":  "CloudAppAdminUser@fabrikamfinance.com",
                     "OnPremisesSecurityIdentifier":  null,
                     "ObjectID":  "dbb27821-82ba-4ec2-8a9c-d5ab974eb4d5",
                     "TenantID":  "ba8c4db2-44fa-427a-a380-6e59cb50bb88"
                 },
                 {
                     "DisplayName":  "hausec hausec",
                     "UserPrincipalName":  "hausec@bloodhoundaz.com",
                     "OnPremisesSecurityIdentifier":  "S-1-5-21-2669474957-1190889522-1413916528-1113",
                     "ObjectID":  "8cc86008-30f4-4ad7-8e45-6d1d3d3535d3",
                     "TenantID":  "ba8c4db2-44fa-427a-a380-6e59cb50bb88"
                 },
                 {
                     "DisplayName":  "Ryan Hausknecht",
                     "UserPrincipalName":  "hausec@fabrikamfinance.com",
                     "OnPremisesSecurityIdentifier":  "S-1-5-21-1589615775-1910386217-3167236222-1111",
                     "ObjectID":  "6925cb75-04e1-45ee-b017-b2ef1a09d5a2",
                     "TenantID":  "ba8c4db2-44fa-427a-a380-6e59cb50bb88"
                 },
                 {
                     "DisplayName":  "Ryan Hausknecht",
                     "UserPrincipalName":  "hausec@wald0azureresearchgmail.onmicrosoft.com",
                     "OnPremisesSecurityIdentifier":  null,
                     "ObjectID":  "7924105b-af0d-48f8-bab5-fdf0a5d33173",
                     "TenantID":  "ba8c4db2-44fa-427a-a380-6e59cb50bb88"
                 },
                 {
                     "DisplayName":  "Ryan Hausknecht",
                     "UserPrincipalName":  "hausec7992@wald0azureresearchgmail.onmicrosoft.com",
                     "OnPremisesSecurityIdentifier":  "S-1-5-21-2579124464-1924754583-1592496503-1111",
                     "ObjectID":  "c4475bd6-17f2-4e8a-b3be-915fae362cfb",
                     "TenantID":  "ba8c4db2-44fa-427a-a380-6e59cb50bb88"
                 },
                 {
                     "DisplayName":  "JasonFrank",
                     "UserPrincipalName":  "intern@wald0azureresearchgmail.onmicrosoft.com",
                     "OnPremisesSecurityIdentifier":  null,
                     "ObjectID":  "48704212-bbbf-4408-a9c4-24fe57903bd2",
                     "TenantID":  "ba8c4db2-44fa-427a-a380-6e59cb50bb88"
                 },
                 {
                     "DisplayName":  "InTune ServiceAccount",
                     "UserPrincipalName":  "intune@fabrikamfinance.com",
                     "OnPremisesSecurityIdentifier":  "S-1-5-21-1589615775-1910386217-3167236222-1601",
                     "ObjectID":  "b85f9e2b-5770-4c35-b44e-47d345b32238",
                     "TenantID":  "ba8c4db2-44fa-427a-a380-6e59cb50bb88"
                 },
                 {
                     "DisplayName":  "Jason Frank",
                     "UserPrincipalName":  "jason.frank@wald0azureresearchgmail.onmicrosoft.com",
                     "OnPremisesSecurityIdentifier":  null,
                     "ObjectID":  "e084f75a-2d3e-46c9-b348-0af3d6cba09e",
                     "TenantID":  "ba8c4db2-44fa-427a-a380-6e59cb50bb88"
                 },
                 {
                     "DisplayName":  "Jeff Dimmock",
                     "UserPrincipalName":  "jeff.dimmock@wald0azureresearchgmail.onmicrosoft.com",
                     "OnPremisesSecurityIdentifier":  "S-1-5-21-2579124464-1924754583-1592496503-1109",
                     "ObjectID":  "5a126726-da21-4a04-801e-8dc55c1adde1",
                     "TenantID":  "ba8c4db2-44fa-427a-a380-6e59cb50bb88"
                 },
                 {
                     "DisplayName":  "Jeff McJunkin",
                     "UserPrincipalName":  "jeff.mcjunkin@wald0azureresearchgmail.onmicrosoft.com",
                     "OnPremisesSecurityIdentifier":  "S-1-5-21-3297534500-2295381024-3424299921-1109",
                     "ObjectID":  "adb44097-eb2f-4e68-8bfb-bb072f8c493d",
                     "TenantID":  "ba8c4db2-44fa-427a-a380-6e59cb50bb88"
                 },
                 {
                     "DisplayName":  "Jason Frank",
                     "UserPrincipalName":  "jfrank@bloodhoundazure.com",
                     "OnPremisesSecurityIdentifier":  "S-1-5-21-2591222705-3525878599-3535224157-1111",
                     "ObjectID":  "90d03f17-7734-4491-983a-72dfc04a0aad",
                     "TenantID":  "ba8c4db2-44fa-427a-a380-6e59cb50bb88"
                 },
                 {
                     "DisplayName":  "Jonny",
                     "UserPrincipalName":  "jjohnson@bloodhoundazure.com",
                     "OnPremisesSecurityIdentifier":  null,
                     "ObjectID":  "8245f7f1-692c-40ac-85d1-384e198efbd8",
                     "TenantID":  "ba8c4db2-44fa-427a-a380-6e59cb50bb88"
                 },
                 {
                     "DisplayName":  "Jo Johnson",
                     "UserPrincipalName":  "jo.johnson@wald0azureresearchgmail.onmicrosoft.com",
                     "OnPremisesSecurityIdentifier":  null,
                     "ObjectID":  "3a63f1ec-ab9b-4f56-b4e2-552acd6bdf45",
                     "TenantID":  "ba8c4db2-44fa-427a-a380-6e59cb50bb88"
                 },
                 {
                     "DisplayName":  "Matt Nelson",
                     "UserPrincipalName":  "matt.nelson@wald0azureresearchgmail.onmicrosoft.com",
                     "OnPremisesSecurityIdentifier":  null,
                     "ObjectID":  "1ad90fd2-fe6c-4bad-9003-fb7b102c94c6",
                     "TenantID":  "ba8c4db2-44fa-427a-a380-6e59cb50bb88"
                 },
                 {
                     "DisplayName":  "Normal User",
                     "UserPrincipalName":  "Normal.User@wald0azureresearchgmail.onmicrosoft.com",
                     "OnPremisesSecurityIdentifier":  null,
                     "ObjectID":  "4270cf2e-53b8-4206-ac5e-4f80af717866",
                     "TenantID":  "ba8c4db2-44fa-427a-a380-6e59cb50bb88"
                 },
                 {
                     "DisplayName":  "PasswordAdmin",
                     "UserPrincipalName":  "PasswordAdmin@fabrikamfinance.com",
                     "OnPremisesSecurityIdentifier":  null,
                     "ObjectID":  "7c33971a-80db-4833-b3c7-c2a96b9f3ae9",
                     "TenantID":  "ba8c4db2-44fa-427a-a380-6e59cb50bb88"
                 },
                 {
                     "DisplayName":  "Rob Lint",
                     "UserPrincipalName":  "rob.lint@wald0azureresearchgmail.onmicrosoft.com",
                     "OnPremisesSecurityIdentifier":  null,
                     "ObjectID":  "b58a679d-e525-4598-bca5-b1f23ae432b5",
                     "TenantID":  "ba8c4db2-44fa-427a-a380-6e59cb50bb88"
                 },
                 {
                     "DisplayName":  "Robby Winchester",
                     "UserPrincipalName":  "robby@wald0azureresearchgmail.onmicrosoft.com",
                     "OnPremisesSecurityIdentifier":  null,
                     "ObjectID":  "a2c4808c-7e02-4c6e-a6d4-ef6c65a8bd99",
                     "TenantID":  "ba8c4db2-44fa-427a-a380-6e59cb50bb88"
                 },
                 {
                     "DisplayName":  "Rohan Vazarkar",
                     "UserPrincipalName":  "rvazarkar@fabrikamfinance.com",
                     "OnPremisesSecurityIdentifier":  null,
                     "ObjectID":  "ce93ead4-82b5-48fa-ad76-f25e46bee779",
                     "TenantID":  "ba8c4db2-44fa-427a-a380-6e59cb50bb88"
                 },
                 {
                     "DisplayName":  "Robby Winchester",
                     "UserPrincipalName":  "rwinchester@bloodhoundaz.com",
                     "OnPremisesSecurityIdentifier":  "S-1-5-21-2669474957-1190889522-1413916528-1601",
                     "ObjectID":  "21ec4cf3-521b-4472-a804-22b188e0582d",
                     "TenantID":  "ba8c4db2-44fa-427a-a380-6e59cb50bb88"
                 },
                 {
                     "DisplayName":  "Robby Winchester",
                     "UserPrincipalName":  "rwinchester@bloodhoundazure.com",
                     "OnPremisesSecurityIdentifier":  "S-1-5-21-2591222705-3525878599-3535224157-1110",
                     "ObjectID":  "e140f4a0-f0e3-464a-989f-3132e53ef82b",
                     "TenantID":  "ba8c4db2-44fa-427a-a380-6e59cb50bb88"
                 },
                 {
                     "DisplayName":  "On-Premises Directory Synchronization Service Account",
                     "UserPrincipalName":  "Sync_BH-DC_51659b13b66f@wald0azureresearchgmail.onmicrosoft.com",
                     "OnPremisesSecurityIdentifier":  null,
                     "ObjectID":  "bcfaf212-3ed4-4136-9c9b-af7197c16b39",
                     "TenantID":  "ba8c4db2-44fa-427a-a380-6e59cb50bb88"
                 },
                 {
                     "DisplayName":  "On-Premises Directory Synchronization Service Account",
                     "UserPrincipalName":  "Sync_BloodhoundAzDC_7006ff7585ae@wald0azureresearchgmail.onmicrosoft.com",
                     "OnPremisesSecurityIdentifier":  null,
                     "ObjectID":  "82a8d5a2-9f30-442c-90c7-4a1bde7ac526",
                     "TenantID":  "ba8c4db2-44fa-427a-a380-6e59cb50bb88"
                 },
                 {
                     "DisplayName":  "On-Premises Directory Synchronization Service Account",
                     "UserPrincipalName":  "Sync_Fabrikam-DC_ba5a889a5038@wald0azureresearchgmail.onmicrosoft.com",
                     "OnPremisesSecurityIdentifier":  null,
                     "ObjectID":  "6e1598e8-4544-4e0d-b440-1afbe7b2f497",
                     "TenantID":  "ba8c4db2-44fa-427a-a380-6e59cb50bb88"
                 },
                 {
                     "DisplayName":  "On-Premises Directory Synchronization Service Account",
                     "UserPrincipalName":  "Sync_FabrikamDC_1ab40cd71143@wald0azureresearchgmail.onmicrosoft.com",
                     "OnPremisesSecurityIdentifier":  null,
                     "ObjectID":  "65620f4d-ff31-4ec2-892c-cfea7de80479",
                     "TenantID":  "ba8c4db2-44fa-427a-a380-6e59cb50bb88"
                 },
                 {
                     "DisplayName":  "On-Premises Directory Synchronization Service Account",
                     "UserPrincipalName":  "Sync_LabDC_3b7e5e65514b@wald0azureresearchgmail.onmicrosoft.com",
                     "OnPremisesSecurityIdentifier":  null,
                     "ObjectID":  "3b57a3c6-12b0-4780-970f-5b04a01c51a1",
                     "TenantID":  "ba8c4db2-44fa-427a-a380-6e59cb50bb88"
                 },
                 {
                     "DisplayName":  "On-Premises Directory Synchronization Service Account",
                     "UserPrincipalName":  "Sync_Win-2019-001_32b6ed29d5b5@wald0azureresearchgmail.onmicrosoft.com",
                     "OnPremisesSecurityIdentifier":  null,
                     "ObjectID":  "d6eb94a5-606b-4adb-b3f6-a81c33a92486",
                     "TenantID":  "ba8c4db2-44fa-427a-a380-6e59cb50bb88"
                 },
                 {
                     "DisplayName":  "On-Premises Directory Synchronization Service Account",
                     "UserPrincipalName":  "Sync_Win-2019-002_87de59a491ab@wald0azureresearchgmail.onmicrosoft.com",
                     "OnPremisesSecurityIdentifier":  null,
                     "ObjectID":  "24e13c03-1f21-4102-99e4-6e60c04ef013",
                     "TenantID":  "ba8c4db2-44fa-427a-a380-6e59cb50bb88"
                 },
                 {
                     "DisplayName":  "test3m3an",
                     "UserPrincipalName":  "test3m3an@wald0azureresearchgmail.onmicrosoft.com",
                     "OnPremisesSecurityIdentifier":  null,
                     "ObjectID":  "e380a4b0-7573-4334-8671-4ab27386abe1",
                     "TenantID":  "ba8c4db2-44fa-427a-a380-6e59cb50bb88"
                 },
                 {
                     "DisplayName":  "testm3an",
                     "UserPrincipalName":  "testm3an@wald0azureresearchgmail.onmicrosoft.com",
                     "OnPremisesSecurityIdentifier":  null,
                     "ObjectID":  "d481e3f2-ff6b-47bc-a679-4ee45649e9fc",
                     "TenantID":  "ba8c4db2-44fa-427a-a380-6e59cb50bb88"
                 },
                 {
                     "DisplayName":  "testman",
                     "UserPrincipalName":  "testman@wald0azureresearchgmail.onmicrosoft.com",
                     "OnPremisesSecurityIdentifier":  null,
                     "ObjectID":  "de75a13e-013c-4a2d-804c-7c844cc2cfd3",
                     "TenantID":  "ba8c4db2-44fa-427a-a380-6e59cb50bb88"
                 },
                 {
                     "DisplayName":  "Testman",
                     "UserPrincipalName":  "testuser@wald0azureresearchgmail.onmicrosoft.com",
                     "OnPremisesSecurityIdentifier":  null,
                     "ObjectID":  "eeefceef-c799-46ee-8ff9-6b76fffb5a11",
                     "TenantID":  "ba8c4db2-44fa-427a-a380-6e59cb50bb88"
                 },
                 {
                     "DisplayName":  "ThisUserHasNoRoles",
                     "UserPrincipalName":  "ThisUserHasNoRoles@fabrikamfinance.com",
                     "OnPremisesSecurityIdentifier":  null,
                     "ObjectID":  "c455d2a1-e6fa-4336-bf80-14dabb861380",
                     "TenantID":  "ba8c4db2-44fa-427a-a380-6e59cb50bb88"
                 },
                 {
                     "DisplayName":  "Tim Gamble",
                     "UserPrincipalName":  "tim.gamble@bloodhoundaz.com",
                     "OnPremisesSecurityIdentifier":  "S-1-5-21-2669474957-1190889522-1413916528-1109",
                     "ObjectID":  "80049609-7c0f-401e-87a0-f87adb2953ca",
                     "TenantID":  "ba8c4db2-44fa-427a-a380-6e59cb50bb88"
                 },
                 {
                     "DisplayName":  "Andrew Robbins",
                     "UserPrincipalName":  "wald0.azure.research_gmail.com#EXT#@wald0azureresearchgmail.onmicrosoft.com",
                     "OnPremisesSecurityIdentifier":  null,
                     "ObjectID":  "a9c15145-4ce3-4469-9cff-116333168aa4",
                     "TenantID":  null
                 },
                 {
                     "DisplayName":  "wald0",
                     "UserPrincipalName":  "waldo@wald0azureresearchgmail.onmicrosoft.com",
                     "OnPremisesSecurityIdentifier":  "S-1-5-21-2143257141-3992120920-1481124281-1110",
                     "ObjectID":  "ea0459dd-79d5-4fe2-b360-261bff142bff",
                     "TenantID":  "ba8c4db2-44fa-427a-a380-6e59cb50bb88"
                 },
                 {
                     "DisplayName":  "waldo",
                     "UserPrincipalName":  "waldo7805@wald0azureresearchgmail.onmicrosoft.com",
                     "OnPremisesSecurityIdentifier":  "S-1-5-21-3584082708-1942143104-3164720030-1103",
                     "ObjectID":  "b4c141ac-c1bf-47b3-bd94-622bcc45a3ac",
                     "TenantID":  "ba8c4db2-44fa-427a-a380-6e59cb50bb88"
                 },
                 {
                     "DisplayName":  "Wes Hardcastle",
                     "UserPrincipalName":  "wes.hardcastle@bloodhoundaz.com",
                     "OnPremisesSecurityIdentifier":  "S-1-5-21-2669474957-1190889522-1413916528-1111",
                     "ObjectID":  "dfeda451-7bc8-4744-9195-bbce13cc127c",
                     "TenantID":  "ba8c4db2-44fa-427a-a380-6e59cb50bb88"
                 }
             ]
}
