﻿{
    "meta":  {
                 "count":  49,
                 "type":  "azgroups",
                 "version":  4
             },
    "data":  [
                 {
                     "DisplayName":  "My Security Group",
                     "OnPremisesSecurityIdentifier":  null,
                     "ObjectID":  "09322b20-961d-4719-8cdd-6ba90ed0a919",
                     "TenantID":  "ba8c4db2-44fa-427a-a380-6e59cb50bb88"
                 },
                 {
                     "DisplayName":  "ADSyncPasswordSet",
                     "OnPremisesSecurityIdentifier":  "S-1-5-21-1589615775-1910386217-3167236222-1107",
                     "ObjectID":  "0a19f01a-b1c8-48ca-af44-9a17a98ce890",
                     "TenantID":  "ba8c4db2-44fa-427a-a380-6e59cb50bb88"
                 },
                 {
                     "DisplayName":  "ADSyncAdmins",
                     "OnPremisesSecurityIdentifier":  "S-1-5-21-2591222705-3525878599-3535224157-1105",
                     "ObjectID":  "14cd205f-55cf-4a17-9b35-e58893ad0424",
                     "TenantID":  "ba8c4db2-44fa-427a-a380-6e59cb50bb88"
                 },
                 {
                     "DisplayName":  "DnsAdmins",
                     "OnPremisesSecurityIdentifier":  "S-1-5-21-2591222705-3525878599-3535224157-1101",
                     "ObjectID":  "16fc6b0e-1c55-4c96-b941-d1874c7b4dfc",
                     "TenantID":  "ba8c4db2-44fa-427a-a380-6e59cb50bb88"
                 },
                 {
                     "DisplayName":  "DnsAdmins",
                     "OnPremisesSecurityIdentifier":  "S-1-5-21-1589615775-1910386217-3167236222-1101",
                     "ObjectID":  "1ca338d9-77be-4d26-8599-5a50e3d2870a",
                     "TenantID":  "ba8c4db2-44fa-427a-a380-6e59cb50bb88"
                 },
                 {
                     "DisplayName":  "ADSyncPasswordSet",
                     "OnPremisesSecurityIdentifier":  "S-1-5-21-2579124464-1924754583-1592496503-1107",
                     "ObjectID":  "20b07e7f-2ef8-4684-94e2-3b6c09e8e7b3",
                     "TenantID":  "ba8c4db2-44fa-427a-a380-6e59cb50bb88"
                 },
                 {
                     "DisplayName":  "ADSyncPasswordSet",
                     "OnPremisesSecurityIdentifier":  "S-1-5-21-3584082708-1942143104-3164720030-1108",
                     "ObjectID":  "2905a3cf-4dbd-4117-afa4-92439862bf1d",
                     "TenantID":  "ba8c4db2-44fa-427a-a380-6e59cb50bb88"
                 },
                 {
                     "DisplayName":  "DnsAdmins",
                     "OnPremisesSecurityIdentifier":  "S-1-5-21-3297534500-2295381024-3424299921-1101",
                     "ObjectID":  "2f502ed6-f8f4-4ded-8802-7e47982439fd",
                     "TenantID":  "ba8c4db2-44fa-427a-a380-6e59cb50bb88"
                 },
                 {
                     "DisplayName":  "SOC Level 3",
                     "OnPremisesSecurityIdentifier":  "S-1-5-21-2579124464-1924754583-1592496503-1110",
                     "ObjectID":  "3b6b6cb0-b8c2-4d11-8ffa-1dfe13177a3e",
                     "TenantID":  "ba8c4db2-44fa-427a-a380-6e59cb50bb88"
                 },
                 {
                     "DisplayName":  "ADSyncOperators",
                     "OnPremisesSecurityIdentifier":  "S-1-5-21-2143257141-3992120920-1481124281-1106",
                     "ObjectID":  "3da6fcbe-83e0-4620-8bde-f3c20e06f889",
                     "TenantID":  "ba8c4db2-44fa-427a-a380-6e59cb50bb88"
                 },
                 {
                     "DisplayName":  "TestGroup123",
                     "OnPremisesSecurityIdentifier":  null,
                     "ObjectID":  "4710d320-04d4-4377-9795-2a9f02b5b313",
                     "TenantID":  "ba8c4db2-44fa-427a-a380-6e59cb50bb88"
                 },
                 {
                     "DisplayName":  "ADSyncBrowse",
                     "OnPremisesSecurityIdentifier":  "S-1-5-21-3584082708-1942143104-3164720030-1107",
                     "ObjectID":  "59b50f0f-da36-48d6-a7d6-596d83f2eead",
                     "TenantID":  "ba8c4db2-44fa-427a-a380-6e59cb50bb88"
                 },
                 {
                     "DisplayName":  "ADSyncPasswordSet",
                     "OnPremisesSecurityIdentifier":  "S-1-5-21-2143257141-3992120920-1481124281-1108",
                     "ObjectID":  "5b9f7d62-a635-4579-bd28-6b8ad9ff23bc",
                     "TenantID":  "ba8c4db2-44fa-427a-a380-6e59cb50bb88"
                 },
                 {
                     "DisplayName":  "DnsAdmins",
                     "OnPremisesSecurityIdentifier":  "S-1-5-21-2143257141-3992120920-1481124281-1101",
                     "ObjectID":  "650c1cd6-73a7-4115-b559-af6fb586d0c2",
                     "TenantID":  "ba8c4db2-44fa-427a-a380-6e59cb50bb88"
                 },
                 {
                     "DisplayName":  "CloudHelpdeskGroup",
                     "OnPremisesSecurityIdentifier":  null,
                     "ObjectID":  "69266b77-aa99-4a34-9bd2-f3ce79ddce9a",
                     "TenantID":  "ba8c4db2-44fa-427a-a380-6e59cb50bb88"
                 },
                 {
                     "DisplayName":  "DnsUpdateProxy",
                     "OnPremisesSecurityIdentifier":  "S-1-5-21-1589615775-1910386217-3167236222-1102",
                     "ObjectID":  "6f44a7e0-2808-4e60-b9a4-db6cc90456b8",
                     "TenantID":  "ba8c4db2-44fa-427a-a380-6e59cb50bb88"
                 },
                 {
                     "DisplayName":  "ADSyncPasswordSet",
                     "OnPremisesSecurityIdentifier":  "S-1-5-21-2591222705-3525878599-3535224157-1108",
                     "ObjectID":  "719e567f-e44c-4bd3-a5ce-2899816818ba",
                     "TenantID":  "ba8c4db2-44fa-427a-a380-6e59cb50bb88"
                 },
                 {
                     "DisplayName":  "DnsUpdateProxy",
                     "OnPremisesSecurityIdentifier":  "S-1-5-21-3297534500-2295381024-3424299921-1102",
                     "ObjectID":  "74a9477d-ba4b-449f-82d0-df52d7d8b650",
                     "TenantID":  "ba8c4db2-44fa-427a-a380-6e59cb50bb88"
                 },
                 {
                     "DisplayName":  "ADSyncOperators",
                     "OnPremisesSecurityIdentifier":  "S-1-5-21-2579124464-1924754583-1592496503-1105",
                     "ObjectID":  "763a94b1-a530-44dd-91a8-10ddeec634d3",
                     "TenantID":  "ba8c4db2-44fa-427a-a380-6e59cb50bb88"
                 },
                 {
                     "DisplayName":  "ADSyncBrowse",
                     "OnPremisesSecurityIdentifier":  "S-1-5-21-1589615775-1910386217-3167236222-1106",
                     "ObjectID":  "77fe3a3b-9c09-455d-acdd-5032d5fc78db",
                     "TenantID":  "ba8c4db2-44fa-427a-a380-6e59cb50bb88"
                 },
                 {
                     "DisplayName":  "DnsUpdateProxy",
                     "OnPremisesSecurityIdentifier":  "S-1-5-21-3584082708-1942143104-3164720030-1102",
                     "ObjectID":  "78f1b74a-ea54-4ea0-860b-bc40569beac5",
                     "TenantID":  "ba8c4db2-44fa-427a-a380-6e59cb50bb88"
                 },
                 {
                     "DisplayName":  "DnsAdmins",
                     "OnPremisesSecurityIdentifier":  "S-1-5-21-2669474957-1190889522-1413916528-1101",
                     "ObjectID":  "7d619356-9536-498d-91e9-ee24569fe17d",
                     "TenantID":  "ba8c4db2-44fa-427a-a380-6e59cb50bb88"
                 },
                 {
                     "DisplayName":  "ADSyncAdmins",
                     "OnPremisesSecurityIdentifier":  "S-1-5-21-2669474957-1190889522-1413916528-1104",
                     "ObjectID":  "80223eca-9377-457b-aac0-8e7be326810d",
                     "TenantID":  "ba8c4db2-44fa-427a-a380-6e59cb50bb88"
                 },
                 {
                     "DisplayName":  "ADSyncAdmins",
                     "OnPremisesSecurityIdentifier":  "S-1-5-21-3584082708-1942143104-3164720030-1105",
                     "ObjectID":  "907c154d-3152-4ccd-90b0-1dcfdf647dbb",
                     "TenantID":  "ba8c4db2-44fa-427a-a380-6e59cb50bb88"
                 },
                 {
                     "DisplayName":  "ADSyncAdmins",
                     "OnPremisesSecurityIdentifier":  "S-1-5-21-3297534500-2295381024-3424299921-1104",
                     "ObjectID":  "93d794f7-231c-45d8-a5d5-666af3353495",
                     "TenantID":  "ba8c4db2-44fa-427a-a380-6e59cb50bb88"
                 },
                 {
                     "DisplayName":  "ADSyncAdmins",
                     "OnPremisesSecurityIdentifier":  "S-1-5-21-2579124464-1924754583-1592496503-1104",
                     "ObjectID":  "943e279c-8b6f-4168-a9b9-264750a72a99",
                     "TenantID":  "ba8c4db2-44fa-427a-a380-6e59cb50bb88"
                 },
                 {
                     "DisplayName":  "DnsAdmins",
                     "OnPremisesSecurityIdentifier":  "S-1-5-21-2579124464-1924754583-1592496503-1101",
                     "ObjectID":  "9e163315-1e8c-4c0f-8bc0-25448ec767d8",
                     "TenantID":  "ba8c4db2-44fa-427a-a380-6e59cb50bb88"
                 },
                 {
                     "DisplayName":  "DnsUpdateProxy",
                     "OnPremisesSecurityIdentifier":  "S-1-5-21-2143257141-3992120920-1481124281-1102",
                     "ObjectID":  "a2822ff6-1c1c-4b29-aa5f-afd4785b09bd",
                     "TenantID":  "ba8c4db2-44fa-427a-a380-6e59cb50bb88"
                 },
                 {
                     "DisplayName":  "ADSyncBrowse",
                     "OnPremisesSecurityIdentifier":  "S-1-5-21-3297534500-2295381024-3424299921-1106",
                     "ObjectID":  "a54ca81b-4a32-456d-8140-2a3f939ceda3",
                     "TenantID":  "ba8c4db2-44fa-427a-a380-6e59cb50bb88"
                 },
                 {
                     "DisplayName":  "DnsAdmins",
                     "OnPremisesSecurityIdentifier":  "S-1-5-21-3584082708-1942143104-3164720030-1101",
                     "ObjectID":  "ac9eee5b-145f-450f-a2c1-88899d7a2de2",
                     "TenantID":  "ba8c4db2-44fa-427a-a380-6e59cb50bb88"
                 },
                 {
                     "DisplayName":  "DnsUpdateProxy",
                     "OnPremisesSecurityIdentifier":  "S-1-5-21-2669474957-1190889522-1413916528-1102",
                     "ObjectID":  "afc36c5d-13c6-44a9-b86d-1b3e50c69d68",
                     "TenantID":  "ba8c4db2-44fa-427a-a380-6e59cb50bb88"
                 },
                 {
                     "DisplayName":  "ADSyncOperators",
                     "OnPremisesSecurityIdentifier":  "S-1-5-21-2591222705-3525878599-3535224157-1106",
                     "ObjectID":  "bccf1674-e1fe-4d99-b862-4d0fb523bbf1",
                     "TenantID":  "ba8c4db2-44fa-427a-a380-6e59cb50bb88"
                 },
                 {
                     "DisplayName":  "DnsUpdateProxy",
                     "OnPremisesSecurityIdentifier":  "S-1-5-21-2579124464-1924754583-1592496503-1102",
                     "ObjectID":  "be43e0f8-df53-4ee3-ad09-fb06c026c835",
                     "TenantID":  "ba8c4db2-44fa-427a-a380-6e59cb50bb88"
                 },
                 {
                     "DisplayName":  "ADSyncAdmins",
                     "OnPremisesSecurityIdentifier":  "S-1-5-21-2143257141-3992120920-1481124281-1105",
                     "ObjectID":  "bef5279a-9c16-4f1a-8813-82ddd4a15c76",
                     "TenantID":  "ba8c4db2-44fa-427a-a380-6e59cb50bb88"
                 },
                 {
                     "DisplayName":  "OnPremHelpdesk",
                     "OnPremisesSecurityIdentifier":  "S-1-5-21-2669474957-1190889522-1413916528-1110",
                     "ObjectID":  "c551209e-58b2-43fe-9959-cae1b84d7ab7",
                     "TenantID":  "ba8c4db2-44fa-427a-a380-6e59cb50bb88"
                 },
                 {
                     "DisplayName":  "ADSyncBrowse",
                     "OnPremisesSecurityIdentifier":  "S-1-5-21-2579124464-1924754583-1592496503-1106",
                     "ObjectID":  "c6a6697d-20aa-4fa9-bf78-4a5612fd844d",
                     "TenantID":  "ba8c4db2-44fa-427a-a380-6e59cb50bb88"
                 },
                 {
                     "DisplayName":  "ADSyncPasswordSet",
                     "OnPremisesSecurityIdentifier":  "S-1-5-21-2669474957-1190889522-1413916528-1107",
                     "ObjectID":  "c9ad2b82-944c-4c8d-b988-25e79e4e7f10",
                     "TenantID":  "ba8c4db2-44fa-427a-a380-6e59cb50bb88"
                 },
                 {
                     "DisplayName":  "ADSyncOperators",
                     "OnPremisesSecurityIdentifier":  "S-1-5-21-3297534500-2295381024-3424299921-1105",
                     "ObjectID":  "c9fcad0e-2767-4dbd-9993-d43eaf0e0543",
                     "TenantID":  "ba8c4db2-44fa-427a-a380-6e59cb50bb88"
                 },
                 {
                     "DisplayName":  "ThisGroupHasAppAdminRole",
                     "OnPremisesSecurityIdentifier":  null,
                     "ObjectID":  "cbd0cde3-4d1b-4616-9fb7-d7325c5c5b26",
                     "TenantID":  "ba8c4db2-44fa-427a-a380-6e59cb50bb88"
                 },
                 {
                     "DisplayName":  "TestGroup",
                     "OnPremisesSecurityIdentifier":  null,
                     "ObjectID":  "cc8263d5-6935-4e46-96ba-aea1bac31b55",
                     "TenantID":  "ba8c4db2-44fa-427a-a380-6e59cb50bb88"
                 },
                 {
                     "DisplayName":  "ADSyncBrowse",
                     "OnPremisesSecurityIdentifier":  "S-1-5-21-2591222705-3525878599-3535224157-1107",
                     "ObjectID":  "d6fbffbe-ac41-4ff7-8f92-c0cd0114fd9e",
                     "TenantID":  "ba8c4db2-44fa-427a-a380-6e59cb50bb88"
                 },
                 {
                     "DisplayName":  "DnsUpdateProxy",
                     "OnPremisesSecurityIdentifier":  "S-1-5-21-2591222705-3525878599-3535224157-1102",
                     "ObjectID":  "de34443c-0f60-414a-9c45-76f9a325d76a",
                     "TenantID":  "ba8c4db2-44fa-427a-a380-6e59cb50bb88"
                 },
                 {
                     "DisplayName":  "ADSyncOperators",
                     "OnPremisesSecurityIdentifier":  "S-1-5-21-2669474957-1190889522-1413916528-1105",
                     "ObjectID":  "dfae17f8-4146-44ea-ba80-a8825d925099",
                     "TenantID":  "ba8c4db2-44fa-427a-a380-6e59cb50bb88"
                 },
                 {
                     "DisplayName":  "ADSyncPasswordSet",
                     "OnPremisesSecurityIdentifier":  "S-1-5-21-3297534500-2295381024-3424299921-1107",
                     "ObjectID":  "e6bc46b3-acf3-48d2-9d38-f22b4fa82b10",
                     "TenantID":  "ba8c4db2-44fa-427a-a380-6e59cb50bb88"
                 },
                 {
                     "DisplayName":  "ADSyncOperators",
                     "OnPremisesSecurityIdentifier":  "S-1-5-21-3584082708-1942143104-3164720030-1106",
                     "ObjectID":  "ebb373e0-f1a2-40bb-9c2d-5fa2215faec2",
                     "TenantID":  "ba8c4db2-44fa-427a-a380-6e59cb50bb88"
                 },
                 {
                     "DisplayName":  "ADSyncOperators",
                     "OnPremisesSecurityIdentifier":  "S-1-5-21-1589615775-1910386217-3167236222-1105",
                     "ObjectID":  "f09b43cd-de7f-4f6e-a978-cfeab95fa5ed",
                     "TenantID":  "ba8c4db2-44fa-427a-a380-6e59cb50bb88"
                 },
                 {
                     "DisplayName":  "ADSyncAdmins",
                     "OnPremisesSecurityIdentifier":  "S-1-5-21-1589615775-1910386217-3167236222-1104",
                     "ObjectID":  "f5ac6e23-6160-4a4f-8c3e-5b1771915911",
                     "TenantID":  "ba8c4db2-44fa-427a-a380-6e59cb50bb88"
                 },
                 {
                     "DisplayName":  "ADSyncBrowse",
                     "OnPremisesSecurityIdentifier":  "S-1-5-21-2143257141-3992120920-1481124281-1107",
                     "ObjectID":  "f74af51c-9758-4af4-ac8c-91b3bc7c9170",
                     "TenantID":  "ba8c4db2-44fa-427a-a380-6e59cb50bb88"
                 },
                 {
                     "DisplayName":  "ADSyncBrowse",
                     "OnPremisesSecurityIdentifier":  "S-1-5-21-2669474957-1190889522-1413916528-1106",
                     "ObjectID":  "ff2d58ee-ef5f-49d8-9dff-c7c0ac472f6d",
                     "TenantID":  "ba8c4db2-44fa-427a-a380-6e59cb50bb88"
                 }
             ]
}
