﻿{
    "meta":  {
                 "count":  12,
                 "type":  "azvms",
                 "version":  4
             },
    "data":  [
                 {
                     "AzVMName":  "BH-DC",
                     "AZID":  "2e9faa15-78d3-457b-9bc2-b70ede48deb7",
                     "ResourceGroupName":  "BH-ATTACKPATH",
                     "ResoucreGroupSub":  "30e3268b-2385-47bb-8b38-1b8ba6ef05fb",
                     "ResourceGroupID":  "/subscriptions/30e3268b-2385-47bb-8b38-1b8ba6ef05fb/resourceGroups/BH-AttackPath"
                 },
                 {
                     "AzVMName":  "BH-Win10-01",
                     "AZID":  "3077bee5-aea8-40d1-8f6b-dd9730c55278",
                     "ResourceGroupName":  "BH-ATTACKPATH",
                     "ResoucreGroupSub":  "30e3268b-2385-47bb-8b38-1b8ba6ef05fb",
                     "ResourceGroupID":  "/subscriptions/30e3268b-2385-47bb-8b38-1b8ba6ef05fb/resourceGroups/BH-AttackPath"
                 },
                 {
                     "AzVMName":  "FabrikamDC",
                     "AZID":  "85ab48d9-bf4e-4495-afc1-eead919260fe",
                     "ResourceGroupName":  "FABRIKAMFINANCE",
                     "ResoucreGroupSub":  "30e3268b-2385-47bb-8b38-1b8ba6ef05fb",
                     "ResourceGroupID":  "/subscriptions/30e3268b-2385-47bb-8b38-1b8ba6ef05fb/resourceGroups/FabrikamFinance"
                 },
                 {
                     "AzVMName":  "FabrikamWorkstation1",
                     "AZID":  "d791ce70-d8bb-48e7-95f9-d02ad9cc28ce",
                     "ResourceGroupName":  "FABRIKAMFINANCE",
                     "ResoucreGroupSub":  "30e3268b-2385-47bb-8b38-1b8ba6ef05fb",
                     "ResourceGroupID":  "/subscriptions/30e3268b-2385-47bb-8b38-1b8ba6ef05fb/resourceGroups/FabrikamFinance"
                 },
                 {
                     "AzVMName":  "FabrikamWS2",
                     "AZID":  "e06bb341-93cf-4f67-a4c9-cd5a73d59353",
                     "ResourceGroupName":  "FABRIKAMFINANCE",
                     "ResoucreGroupSub":  "30e3268b-2385-47bb-8b38-1b8ba6ef05fb",
                     "ResourceGroupID":  "/subscriptions/30e3268b-2385-47bb-8b38-1b8ba6ef05fb/resourceGroups/FabrikamFinance"
                 },
                 {
                     "AzVMName":  "Win-2019-002",
                     "AZID":  "a003989d-a8a2-46b7-988b-2784fafc0444",
                     "ResourceGroupName":  "VM-RG-001",
                     "ResoucreGroupSub":  "30e3268b-2385-47bb-8b38-1b8ba6ef05fb",
                     "ResourceGroupID":  "/subscriptions/30e3268b-2385-47bb-8b38-1b8ba6ef05fb/resourceGroups/VM-RG-001"
                 },
                 {
                     "AzVMName":  "Win10AADJoined",
                     "AZID":  "ccf03846-a5b4-4278-a45c-c6ad9f8c13a2",
                     "ResourceGroupName":  "VM-RG-001",
                     "ResoucreGroupSub":  "30e3268b-2385-47bb-8b38-1b8ba6ef05fb",
                     "ResourceGroupID":  "/subscriptions/30e3268b-2385-47bb-8b38-1b8ba6ef05fb/resourceGroups/VM-RG-001"
                 },
                 {
                     "AzVMName":  "Win10AADJoined2",
                     "AZID":  "6f17c274-47d6-4395-baad-a1210a4822b8",
                     "ResourceGroupName":  "VM-RG-001",
                     "ResoucreGroupSub":  "30e3268b-2385-47bb-8b38-1b8ba6ef05fb",
                     "ResourceGroupID":  "/subscriptions/30e3268b-2385-47bb-8b38-1b8ba6ef05fb/resourceGroups/VM-RG-001"
                 },
                 {
                     "AzVMName":  "TestDevOps",
                     "AZID":  "1602245c-1d64-41a5-b57e-87681ce586dd",
                     "ResourceGroupName":  "TESTDEVOPS-RG",
                     "ResoucreGroupSub":  "30e3268b-2385-47bb-8b38-1b8ba6ef05fb",
                     "ResourceGroupID":  "/subscriptions/30e3268b-2385-47bb-8b38-1b8ba6ef05fb/resourceGroups/testdevops-rg"
                 },
                 {
                     "AzVMName":  "LabDC",
                     "AZID":  "07185a7a-cb58-44bf-9f3e-457ba4d452e3",
                     "ResourceGroupName":  "MYRGINSECONDSUB",
                     "ResoucreGroupSub":  "27010acc-67a3-40a9-ba96-0b5700ffa041",
                     "ResourceGroupID":  "/subscriptions/27010acc-67a3-40a9-ba96-0b5700ffa041/resourceGroups/MyRGinSecondSub"
                 },
                 {
                     "AzVMName":  "LabWin10Hybrid",
                     "AZID":  "7d84186a-a4c2-4510-9a44-5360c1b4d970",
                     "ResourceGroupName":  "MYRGINSECONDSUB",
                     "ResoucreGroupSub":  "27010acc-67a3-40a9-ba96-0b5700ffa041",
                     "ResourceGroupID":  "/subscriptions/27010acc-67a3-40a9-ba96-0b5700ffa041/resourceGroups/MyRGinSecondSub"
                 },
                 {
                     "AzVMName":  "Ubuntu001",
                     "AZID":  "f2ff5614-18a6-41d6-9922-ac6f30ec8967",
                     "ResourceGroupName":  "MYRGINSECONDSUB",
                     "ResoucreGroupSub":  "27010acc-67a3-40a9-ba96-0b5700ffa041",
                     "ResourceGroupID":  "/subscriptions/27010acc-67a3-40a9-ba96-0b5700ffa041/resourceGroups/MyRGinSecondSub"
                 }
             ]
}
