﻿{
    "meta":  {
                 "count":  11,
                 "type":  "azkvpermissions",
                 "version":  4
             },
    "data":  [
                 {
                     "KVID":  "/subscriptions/30e3268b-2385-47bb-8b38-1b8ba6ef05fb/resourceGroups/Keyvault-RG/providers/Microsoft.KeyVault/vaults/BloodHoundKeyvault001",
                     "ControllerName":  "Wes Hardcastle",
                     "ControllerID":  "dfeda451-7bc8-4744-9195-bbce13cc127c",
                     "ControllerType":  "User",
                     "ControllerOnPremID":  "S-1-5-21-2669474957-1190889522-1413916528-1111",
                     "RoleName":  "Owner",
                     "RoleDefinitionId":  "8e3af657-a8ff-443c-a75c-2fe8c4bcb635"
                 },
                 {
                     "KVID":  "/subscriptions/30e3268b-2385-47bb-8b38-1b8ba6ef05fb/resourceGroups/Keyvault-RG/providers/Microsoft.KeyVault/vaults/BloodHoundKeyvault001",
                     "ControllerName":  "CloudHelpdeskGroup",
                     "ControllerID":  "69266b77-aa99-4a34-9bd2-f3ce79ddce9a",
                     "ControllerType":  "Group",
                     "ControllerOnPremID":  null,
                     "RoleName":  "Contributor",
                     "RoleDefinitionId":  "b24988ac-6180-42a0-ab88-20f7382dd24c"
                 },
                 {
                     "KVID":  "/subscriptions/30e3268b-2385-47bb-8b38-1b8ba6ef05fb/resourceGroups/Keyvault-RG/providers/Microsoft.KeyVault/vaults/BloodHoundKeyvault001",
                     "ControllerName":  "JasonFrank",
                     "ControllerID":  "48704212-bbbf-4408-a9c4-24fe57903bd2",
                     "ControllerType":  "User",
                     "ControllerOnPremID":  null,
                     "RoleName":  "Owner",
                     "RoleDefinitionId":  "8e3af657-a8ff-443c-a75c-2fe8c4bcb635"
                 },
                 {
                     "KVID":  "/subscriptions/30e3268b-2385-47bb-8b38-1b8ba6ef05fb/resourceGroups/Keyvault-RG/providers/Microsoft.KeyVault/vaults/BloodHoundKeyvault001",
                     "ControllerName":  "Ryan Hausknecht",
                     "ControllerID":  "7924105b-af0d-48f8-bab5-fdf0a5d33173",
                     "ControllerType":  "User",
                     "ControllerOnPremID":  null,
                     "RoleName":  "Owner",
                     "RoleDefinitionId":  "8e3af657-a8ff-443c-a75c-2fe8c4bcb635"
                 },
                 {
                     "KVID":  "/subscriptions/30e3268b-2385-47bb-8b38-1b8ba6ef05fb/resourceGroups/Keyvault-RG/providers/Microsoft.KeyVault/vaults/BloodHoundKeyvault001",
                     "ControllerName":  "Andrew Robbins",
                     "ControllerID":  "a9c15145-4ce3-4469-9cff-116333168aa4",
                     "ControllerType":  "User",
                     "ControllerOnPremID":  null,
                     "RoleName":  "Owner",
                     "RoleDefinitionId":  "8e3af657-a8ff-443c-a75c-2fe8c4bcb635"
                 },
                 {
                     "KVID":  "/subscriptions/30e3268b-2385-47bb-8b38-1b8ba6ef05fb/resourceGroups/Keyvault-RG/providers/Microsoft.KeyVault/vaults/BloodHoundKeyvault001",
                     "ControllerName":  "Rohan Vazarkar",
                     "ControllerID":  "ce93ead4-82b5-48fa-ad76-f25e46bee779",
                     "ControllerType":  "User",
                     "ControllerOnPremID":  null,
                     "RoleName":  "Owner",
                     "RoleDefinitionId":  "8e3af657-a8ff-443c-a75c-2fe8c4bcb635"
                 },
                 {
                     "KVID":  "/subscriptions/30e3268b-2385-47bb-8b38-1b8ba6ef05fb/resourceGroups/Keyvault-RG/providers/Microsoft.KeyVault/vaults/BloodHoundKeyvault001",
                     "ControllerName":  "MyAutomationAccount_rKc6mBq2I4mtILUv4IUIZykRhsNwSl3T5tcPrNSOTf4=",
                     "ControllerID":  "48c2c345-bb01-43f1-bfd5-bbeec5b944d2",
                     "ControllerType":  "ServicePrincipal",
                     "ControllerOnPremID":  null,
                     "RoleName":  "Contributor",
                     "RoleDefinitionId":  "b24988ac-6180-42a0-ab88-20f7382dd24c"
                 },
                 {
                     "KVID":  "/subscriptions/30e3268b-2385-47bb-8b38-1b8ba6ef05fb/resourceGroups/Keyvault-RG/providers/Microsoft.KeyVault/vaults/BloodHoundKeyvault001",
                     "ControllerName":  "JasonFrank",
                     "ControllerID":  "48704212-bbbf-4408-a9c4-24fe57903bd2",
                     "ControllerType":  "User",
                     "ControllerOnPremID":  null,
                     "RoleName":  "User Access Administrator",
                     "RoleDefinitionId":  "18d7d88d-d35e-4fb5-a5c3-7773c20a72d9"
                 },
                 {
                     "KVID":  "/subscriptions/30e3268b-2385-47bb-8b38-1b8ba6ef05fb/resourceGroups/Keyvault-RG/providers/Microsoft.KeyVault/vaults/BloodHoundKeyvault001",
                     "ControllerName":  "Ryan Hausknecht",
                     "ControllerID":  "7924105b-af0d-48f8-bab5-fdf0a5d33173",
                     "ControllerType":  "User",
                     "ControllerOnPremID":  null,
                     "RoleName":  "User Access Administrator",
                     "RoleDefinitionId":  "18d7d88d-d35e-4fb5-a5c3-7773c20a72d9"
                 },
                 {
                     "KVID":  "/subscriptions/30e3268b-2385-47bb-8b38-1b8ba6ef05fb/resourceGroups/Keyvault-RG/providers/Microsoft.KeyVault/vaults/BloodHoundKeyvault001",
                     "ControllerName":  "Andrew Robbins",
                     "ControllerID":  "a9c15145-4ce3-4469-9cff-116333168aa4",
                     "ControllerType":  "User",
                     "ControllerOnPremID":  null,
                     "RoleName":  "User Access Administrator",
                     "RoleDefinitionId":  "18d7d88d-d35e-4fb5-a5c3-7773c20a72d9"
                 },
                 {
                     "KVID":  "/subscriptions/30e3268b-2385-47bb-8b38-1b8ba6ef05fb/resourceGroups/Keyvault-RG/providers/Microsoft.KeyVault/vaults/BloodHoundKeyvault001",
                     "ControllerName":  "Administrator",
                     "ControllerID":  "c9a14f0d-29ec-4242-8eda-645117807361",
                     "ControllerType":  "User",
                     "ControllerOnPremID":  null,
                     "RoleName":  "User Access Administrator",
                     "RoleDefinitionId":  "18d7d88d-d35e-4fb5-a5c3-7773c20a72d9"
                 }
             ]
}
