﻿{
    "meta":  {
                 "count":  4,
                 "type":  "azgroupowners",
                 "version":  4
             },
    "data":  [
                 {
                     "GroupName":  "My Security Group",
                     "GroupID":  "09322b20-961d-4719-8cdd-6ba90ed0a919",
                     "GroupOnPremID":  null,
                     "OwnerName":  "Administrator",
                     "OwnerID":  "c9a14f0d-29ec-4242-8eda-645117807361",
                     "OwnerType":  "User",
                     "OwnerOnPremID":  null
                 },
                 {
                     "GroupName":  "My Security Group",
                     "GroupID":  "09322b20-961d-4719-8cdd-6ba90ed0a919",
                     "GroupOnPremID":  null,
                     "OwnerName":  "Matt Nelson",
                     "OwnerID":  "1ad90fd2-fe6c-4bad-9003-fb7b102c94c6",
                     "OwnerType":  "User",
                     "OwnerOnPremID":  null
                 },
                 {
                     "GroupName":  "TestGroup123",
                     "GroupID":  "4710d320-04d4-4377-9795-2a9f02b5b313",
                     "GroupOnPremID":  null,
                     "OwnerName":  "Ryan Hausknecht",
                     "OwnerID":  "7924105b-af0d-48f8-bab5-fdf0a5d33173",
                     "OwnerType":  "User",
                     "OwnerOnPremID":  null
                 },
                 {
                     "GroupName":  "CloudHelpdeskGroup",
                     "GroupID":  "69266b77-aa99-4a34-9bd2-f3ce79ddce9a",
                     "GroupOnPremID":  null,
                     "OwnerName":  "Tim Gamble",
                     "OwnerID":  "80049609-7c0f-401e-87a0-f87adb2953ca",
                     "OwnerType":  "User",
                     "OwnerOnPremID":  "S-1-5-21-2669474957-1190889522-1413916528-1109"
                 }
             ]
}
