﻿{
    "meta":  {
                 "count":  141,
                 "type":  "azrgpermissions",
                 "version":  4
             },
    "data":  [
                 {
                     "RGID":  "/subscriptions/30e3268b-2385-47bb-8b38-1b8ba6ef05fb/resourceGroups/VM-RG-001",
                     "ControllerName":  "SOC Level 3",
                     "ControllerID":  "3b6b6cb0-b8c2-4d11-8ffa-1dfe13177a3e",
                     "ControllerType":  "Group",
                     "ControllerOnPremID":  "S-1-5-21-2579124464-1924754583-1592496503-1110",
                     "RoleName":  "Owner",
                     "RoleDefinitionId":  "8e3af657-a8ff-443c-a75c-2fe8c4bcb635"
                 },
                 {
                     "RGID":  "/subscriptions/30e3268b-2385-47bb-8b38-1b8ba6ef05fb/resourceGroups/VM-RG-001",
                     "ControllerName":  "My Security Group",
                     "ControllerID":  "09322b20-961d-4719-8cdd-6ba90ed0a919",
                     "ControllerType":  "Group",
                     "ControllerOnPremID":  null,
                     "RoleName":  "Owner",
                     "RoleDefinitionId":  "8e3af657-a8ff-443c-a75c-2fe8c4bcb635"
                 },
                 {
                     "RGID":  "/subscriptions/30e3268b-2385-47bb-8b38-1b8ba6ef05fb/resourceGroups/VM-RG-001",
                     "ControllerName":  "Jeff Dimmock",
                     "ControllerID":  "5a126726-da21-4a04-801e-8dc55c1adde1",
                     "ControllerType":  "User",
                     "ControllerOnPremID":  "S-1-5-21-2579124464-1924754583-1592496503-1109",
                     "RoleName":  "Contributor",
                     "RoleDefinitionId":  "b24988ac-6180-42a0-ab88-20f7382dd24c"
                 },
                 {
                     "RGID":  "/subscriptions/30e3268b-2385-47bb-8b38-1b8ba6ef05fb/resourceGroups/VM-RG-001",
                     "ControllerName":  "JasonFrank",
                     "ControllerID":  "48704212-bbbf-4408-a9c4-24fe57903bd2",
                     "ControllerType":  "User",
                     "ControllerOnPremID":  null,
                     "RoleName":  "Owner",
                     "RoleDefinitionId":  "8e3af657-a8ff-443c-a75c-2fe8c4bcb635"
                 },
                 {
                     "RGID":  "/subscriptions/30e3268b-2385-47bb-8b38-1b8ba6ef05fb/resourceGroups/VM-RG-001",
                     "ControllerName":  "Ryan Hausknecht",
                     "ControllerID":  "7924105b-af0d-48f8-bab5-fdf0a5d33173",
                     "ControllerType":  "User",
                     "ControllerOnPremID":  null,
                     "RoleName":  "Owner",
                     "RoleDefinitionId":  "8e3af657-a8ff-443c-a75c-2fe8c4bcb635"
                 },
                 {
                     "RGID":  "/subscriptions/30e3268b-2385-47bb-8b38-1b8ba6ef05fb/resourceGroups/VM-RG-001",
                     "ControllerName":  "Andrew Robbins",
                     "ControllerID":  "a9c15145-4ce3-4469-9cff-116333168aa4",
                     "ControllerType":  "User",
                     "ControllerOnPremID":  null,
                     "RoleName":  "Owner",
                     "RoleDefinitionId":  "8e3af657-a8ff-443c-a75c-2fe8c4bcb635"
                 },
                 {
                     "RGID":  "/subscriptions/30e3268b-2385-47bb-8b38-1b8ba6ef05fb/resourceGroups/VM-RG-001",
                     "ControllerName":  "Rohan Vazarkar",
                     "ControllerID":  "ce93ead4-82b5-48fa-ad76-f25e46bee779",
                     "ControllerType":  "User",
                     "ControllerOnPremID":  null,
                     "RoleName":  "Owner",
                     "RoleDefinitionId":  "8e3af657-a8ff-443c-a75c-2fe8c4bcb635"
                 },
                 {
                     "RGID":  "/subscriptions/30e3268b-2385-47bb-8b38-1b8ba6ef05fb/resourceGroups/VM-RG-001",
                     "ControllerName":  "MyAutomationAccount_rKc6mBq2I4mtILUv4IUIZykRhsNwSl3T5tcPrNSOTf4=",
                     "ControllerID":  "48c2c345-bb01-43f1-bfd5-bbeec5b944d2",
                     "ControllerType":  "ServicePrincipal",
                     "ControllerOnPremID":  null,
                     "RoleName":  "Contributor",
                     "RoleDefinitionId":  "b24988ac-6180-42a0-ab88-20f7382dd24c"
                 },
                 {
                     "RGID":  "/subscriptions/30e3268b-2385-47bb-8b38-1b8ba6ef05fb/resourceGroups/VM-RG-001",
                     "ControllerName":  "JasonFrank",
                     "ControllerID":  "48704212-bbbf-4408-a9c4-24fe57903bd2",
                     "ControllerType":  "User",
                     "ControllerOnPremID":  null,
                     "RoleName":  "User Access Administrator",
                     "RoleDefinitionId":  "18d7d88d-d35e-4fb5-a5c3-7773c20a72d9"
                 },
                 {
                     "RGID":  "/subscriptions/30e3268b-2385-47bb-8b38-1b8ba6ef05fb/resourceGroups/VM-RG-001",
                     "ControllerName":  "Ryan Hausknecht",
                     "ControllerID":  "7924105b-af0d-48f8-bab5-fdf0a5d33173",
                     "ControllerType":  "User",
                     "ControllerOnPremID":  null,
                     "RoleName":  "User Access Administrator",
                     "RoleDefinitionId":  "18d7d88d-d35e-4fb5-a5c3-7773c20a72d9"
                 },
                 {
                     "RGID":  "/subscriptions/30e3268b-2385-47bb-8b38-1b8ba6ef05fb/resourceGroups/VM-RG-001",
                     "ControllerName":  "Andrew Robbins",
                     "ControllerID":  "a9c15145-4ce3-4469-9cff-116333168aa4",
                     "ControllerType":  "User",
                     "ControllerOnPremID":  null,
                     "RoleName":  "User Access Administrator",
                     "RoleDefinitionId":  "18d7d88d-d35e-4fb5-a5c3-7773c20a72d9"
                 },
                 {
                     "RGID":  "/subscriptions/30e3268b-2385-47bb-8b38-1b8ba6ef05fb/resourceGroups/VM-RG-001",
                     "ControllerName":  "Administrator",
                     "ControllerID":  "c9a14f0d-29ec-4242-8eda-645117807361",
                     "ControllerType":  "User",
                     "ControllerOnPremID":  null,
                     "RoleName":  "User Access Administrator",
                     "RoleDefinitionId":  "18d7d88d-d35e-4fb5-a5c3-7773c20a72d9"
                 },
                 {
                     "RGID":  "/subscriptions/30e3268b-2385-47bb-8b38-1b8ba6ef05fb/resourceGroups/NetworkWatcherRG",
                     "ControllerName":  "JasonFrank",
                     "ControllerID":  "48704212-bbbf-4408-a9c4-24fe57903bd2",
                     "ControllerType":  "User",
                     "ControllerOnPremID":  null,
                     "RoleName":  "Owner",
                     "RoleDefinitionId":  "8e3af657-a8ff-443c-a75c-2fe8c4bcb635"
                 },
                 {
                     "RGID":  "/subscriptions/30e3268b-2385-47bb-8b38-1b8ba6ef05fb/resourceGroups/NetworkWatcherRG",
                     "ControllerName":  "Ryan Hausknecht",
                     "ControllerID":  "7924105b-af0d-48f8-bab5-fdf0a5d33173",
                     "ControllerType":  "User",
                     "ControllerOnPremID":  null,
                     "RoleName":  "Owner",
                     "RoleDefinitionId":  "8e3af657-a8ff-443c-a75c-2fe8c4bcb635"
                 },
                 {
                     "RGID":  "/subscriptions/30e3268b-2385-47bb-8b38-1b8ba6ef05fb/resourceGroups/NetworkWatcherRG",
                     "ControllerName":  "Andrew Robbins",
                     "ControllerID":  "a9c15145-4ce3-4469-9cff-116333168aa4",
                     "ControllerType":  "User",
                     "ControllerOnPremID":  null,
                     "RoleName":  "Owner",
                     "RoleDefinitionId":  "8e3af657-a8ff-443c-a75c-2fe8c4bcb635"
                 },
                 {
                     "RGID":  "/subscriptions/30e3268b-2385-47bb-8b38-1b8ba6ef05fb/resourceGroups/NetworkWatcherRG",
                     "ControllerName":  "Rohan Vazarkar",
                     "ControllerID":  "ce93ead4-82b5-48fa-ad76-f25e46bee779",
                     "ControllerType":  "User",
                     "ControllerOnPremID":  null,
                     "RoleName":  "Owner",
                     "RoleDefinitionId":  "8e3af657-a8ff-443c-a75c-2fe8c4bcb635"
                 },
                 {
                     "RGID":  "/subscriptions/30e3268b-2385-47bb-8b38-1b8ba6ef05fb/resourceGroups/NetworkWatcherRG",
                     "ControllerName":  "MyAutomationAccount_rKc6mBq2I4mtILUv4IUIZykRhsNwSl3T5tcPrNSOTf4=",
                     "ControllerID":  "48c2c345-bb01-43f1-bfd5-bbeec5b944d2",
                     "ControllerType":  "ServicePrincipal",
                     "ControllerOnPremID":  null,
                     "RoleName":  "Contributor",
                     "RoleDefinitionId":  "b24988ac-6180-42a0-ab88-20f7382dd24c"
                 },
                 {
                     "RGID":  "/subscriptions/30e3268b-2385-47bb-8b38-1b8ba6ef05fb/resourceGroups/NetworkWatcherRG",
                     "ControllerName":  "JasonFrank",
                     "ControllerID":  "48704212-bbbf-4408-a9c4-24fe57903bd2",
                     "ControllerType":  "User",
                     "ControllerOnPremID":  null,
                     "RoleName":  "User Access Administrator",
                     "RoleDefinitionId":  "18d7d88d-d35e-4fb5-a5c3-7773c20a72d9"
                 },
                 {
                     "RGID":  "/subscriptions/30e3268b-2385-47bb-8b38-1b8ba6ef05fb/resourceGroups/NetworkWatcherRG",
                     "ControllerName":  "Ryan Hausknecht",
                     "ControllerID":  "7924105b-af0d-48f8-bab5-fdf0a5d33173",
                     "ControllerType":  "User",
                     "ControllerOnPremID":  null,
                     "RoleName":  "User Access Administrator",
                     "RoleDefinitionId":  "18d7d88d-d35e-4fb5-a5c3-7773c20a72d9"
                 },
                 {
                     "RGID":  "/subscriptions/30e3268b-2385-47bb-8b38-1b8ba6ef05fb/resourceGroups/NetworkWatcherRG",
                     "ControllerName":  "Andrew Robbins",
                     "ControllerID":  "a9c15145-4ce3-4469-9cff-116333168aa4",
                     "ControllerType":  "User",
                     "ControllerOnPremID":  null,
                     "RoleName":  "User Access Administrator",
                     "RoleDefinitionId":  "18d7d88d-d35e-4fb5-a5c3-7773c20a72d9"
                 },
                 {
                     "RGID":  "/subscriptions/30e3268b-2385-47bb-8b38-1b8ba6ef05fb/resourceGroups/NetworkWatcherRG",
                     "ControllerName":  "Administrator",
                     "ControllerID":  "c9a14f0d-29ec-4242-8eda-645117807361",
                     "ControllerType":  "User",
                     "ControllerOnPremID":  null,
                     "RoleName":  "User Access Administrator",
                     "RoleDefinitionId":  "18d7d88d-d35e-4fb5-a5c3-7773c20a72d9"
                 },
                 {
                     "RGID":  "/subscriptions/30e3268b-2385-47bb-8b38-1b8ba6ef05fb/resourceGroups/cloud-shell-storage-eastus",
                     "ControllerName":  "JasonFrank",
                     "ControllerID":  "48704212-bbbf-4408-a9c4-24fe57903bd2",
                     "ControllerType":  "User",
                     "ControllerOnPremID":  null,
                     "RoleName":  "Owner",
                     "RoleDefinitionId":  "8e3af657-a8ff-443c-a75c-2fe8c4bcb635"
                 },
                 {
                     "RGID":  "/subscriptions/30e3268b-2385-47bb-8b38-1b8ba6ef05fb/resourceGroups/cloud-shell-storage-eastus",
                     "ControllerName":  "Ryan Hausknecht",
                     "ControllerID":  "7924105b-af0d-48f8-bab5-fdf0a5d33173",
                     "ControllerType":  "User",
                     "ControllerOnPremID":  null,
                     "RoleName":  "Owner",
                     "RoleDefinitionId":  "8e3af657-a8ff-443c-a75c-2fe8c4bcb635"
                 },
                 {
                     "RGID":  "/subscriptions/30e3268b-2385-47bb-8b38-1b8ba6ef05fb/resourceGroups/cloud-shell-storage-eastus",
                     "ControllerName":  "Andrew Robbins",
                     "ControllerID":  "a9c15145-4ce3-4469-9cff-116333168aa4",
                     "ControllerType":  "User",
                     "ControllerOnPremID":  null,
                     "RoleName":  "Owner",
                     "RoleDefinitionId":  "8e3af657-a8ff-443c-a75c-2fe8c4bcb635"
                 },
                 {
                     "RGID":  "/subscriptions/30e3268b-2385-47bb-8b38-1b8ba6ef05fb/resourceGroups/cloud-shell-storage-eastus",
                     "ControllerName":  "Rohan Vazarkar",
                     "ControllerID":  "ce93ead4-82b5-48fa-ad76-f25e46bee779",
                     "ControllerType":  "User",
                     "ControllerOnPremID":  null,
                     "RoleName":  "Owner",
                     "RoleDefinitionId":  "8e3af657-a8ff-443c-a75c-2fe8c4bcb635"
                 },
                 {
                     "RGID":  "/subscriptions/30e3268b-2385-47bb-8b38-1b8ba6ef05fb/resourceGroups/cloud-shell-storage-eastus",
                     "ControllerName":  "MyAutomationAccount_rKc6mBq2I4mtILUv4IUIZykRhsNwSl3T5tcPrNSOTf4=",
                     "ControllerID":  "48c2c345-bb01-43f1-bfd5-bbeec5b944d2",
                     "ControllerType":  "ServicePrincipal",
                     "ControllerOnPremID":  null,
                     "RoleName":  "Contributor",
                     "RoleDefinitionId":  "b24988ac-6180-42a0-ab88-20f7382dd24c"
                 },
                 {
                     "RGID":  "/subscriptions/30e3268b-2385-47bb-8b38-1b8ba6ef05fb/resourceGroups/cloud-shell-storage-eastus",
                     "ControllerName":  "JasonFrank",
                     "ControllerID":  "48704212-bbbf-4408-a9c4-24fe57903bd2",
                     "ControllerType":  "User",
                     "ControllerOnPremID":  null,
                     "RoleName":  "User Access Administrator",
                     "RoleDefinitionId":  "18d7d88d-d35e-4fb5-a5c3-7773c20a72d9"
                 },
                 {
                     "RGID":  "/subscriptions/30e3268b-2385-47bb-8b38-1b8ba6ef05fb/resourceGroups/cloud-shell-storage-eastus",
                     "ControllerName":  "Ryan Hausknecht",
                     "ControllerID":  "7924105b-af0d-48f8-bab5-fdf0a5d33173",
                     "ControllerType":  "User",
                     "ControllerOnPremID":  null,
                     "RoleName":  "User Access Administrator",
                     "RoleDefinitionId":  "18d7d88d-d35e-4fb5-a5c3-7773c20a72d9"
                 },
                 {
                     "RGID":  "/subscriptions/30e3268b-2385-47bb-8b38-1b8ba6ef05fb/resourceGroups/cloud-shell-storage-eastus",
                     "ControllerName":  "Andrew Robbins",
                     "ControllerID":  "a9c15145-4ce3-4469-9cff-116333168aa4",
                     "ControllerType":  "User",
                     "ControllerOnPremID":  null,
                     "RoleName":  "User Access Administrator",
                     "RoleDefinitionId":  "18d7d88d-d35e-4fb5-a5c3-7773c20a72d9"
                 },
                 {
                     "RGID":  "/subscriptions/30e3268b-2385-47bb-8b38-1b8ba6ef05fb/resourceGroups/cloud-shell-storage-eastus",
                     "ControllerName":  "Administrator",
                     "ControllerID":  "c9a14f0d-29ec-4242-8eda-645117807361",
                     "ControllerType":  "User",
                     "ControllerOnPremID":  null,
                     "RoleName":  "User Access Administrator",
                     "RoleDefinitionId":  "18d7d88d-d35e-4fb5-a5c3-7773c20a72d9"
                 },
                 {
                     "RGID":  "/subscriptions/30e3268b-2385-47bb-8b38-1b8ba6ef05fb/resourceGroups/Keyvault-RG",
                     "ControllerName":  "Wes Hardcastle",
                     "ControllerID":  "dfeda451-7bc8-4744-9195-bbce13cc127c",
                     "ControllerType":  "User",
                     "ControllerOnPremID":  "S-1-5-21-2669474957-1190889522-1413916528-1111",
                     "RoleName":  "Owner",
                     "RoleDefinitionId":  "8e3af657-a8ff-443c-a75c-2fe8c4bcb635"
                 },
                 {
                     "RGID":  "/subscriptions/30e3268b-2385-47bb-8b38-1b8ba6ef05fb/resourceGroups/Keyvault-RG",
                     "ControllerName":  "CloudHelpdeskGroup",
                     "ControllerID":  "69266b77-aa99-4a34-9bd2-f3ce79ddce9a",
                     "ControllerType":  "Group",
                     "ControllerOnPremID":  null,
                     "RoleName":  "Contributor",
                     "RoleDefinitionId":  "b24988ac-6180-42a0-ab88-20f7382dd24c"
                 },
                 {
                     "RGID":  "/subscriptions/30e3268b-2385-47bb-8b38-1b8ba6ef05fb/resourceGroups/Keyvault-RG",
                     "ControllerName":  "JasonFrank",
                     "ControllerID":  "48704212-bbbf-4408-a9c4-24fe57903bd2",
                     "ControllerType":  "User",
                     "ControllerOnPremID":  null,
                     "RoleName":  "Owner",
                     "RoleDefinitionId":  "8e3af657-a8ff-443c-a75c-2fe8c4bcb635"
                 },
                 {
                     "RGID":  "/subscriptions/30e3268b-2385-47bb-8b38-1b8ba6ef05fb/resourceGroups/Keyvault-RG",
                     "ControllerName":  "Ryan Hausknecht",
                     "ControllerID":  "7924105b-af0d-48f8-bab5-fdf0a5d33173",
                     "ControllerType":  "User",
                     "ControllerOnPremID":  null,
                     "RoleName":  "Owner",
                     "RoleDefinitionId":  "8e3af657-a8ff-443c-a75c-2fe8c4bcb635"
                 },
                 {
                     "RGID":  "/subscriptions/30e3268b-2385-47bb-8b38-1b8ba6ef05fb/resourceGroups/Keyvault-RG",
                     "ControllerName":  "Andrew Robbins",
                     "ControllerID":  "a9c15145-4ce3-4469-9cff-116333168aa4",
                     "ControllerType":  "User",
                     "ControllerOnPremID":  null,
                     "RoleName":  "Owner",
                     "RoleDefinitionId":  "8e3af657-a8ff-443c-a75c-2fe8c4bcb635"
                 },
                 {
                     "RGID":  "/subscriptions/30e3268b-2385-47bb-8b38-1b8ba6ef05fb/resourceGroups/Keyvault-RG",
                     "ControllerName":  "Rohan Vazarkar",
                     "ControllerID":  "ce93ead4-82b5-48fa-ad76-f25e46bee779",
                     "ControllerType":  "User",
                     "ControllerOnPremID":  null,
                     "RoleName":  "Owner",
                     "RoleDefinitionId":  "8e3af657-a8ff-443c-a75c-2fe8c4bcb635"
                 },
                 {
                     "RGID":  "/subscriptions/30e3268b-2385-47bb-8b38-1b8ba6ef05fb/resourceGroups/Keyvault-RG",
                     "ControllerName":  "MyAutomationAccount_rKc6mBq2I4mtILUv4IUIZykRhsNwSl3T5tcPrNSOTf4=",
                     "ControllerID":  "48c2c345-bb01-43f1-bfd5-bbeec5b944d2",
                     "ControllerType":  "ServicePrincipal",
                     "ControllerOnPremID":  null,
                     "RoleName":  "Contributor",
                     "RoleDefinitionId":  "b24988ac-6180-42a0-ab88-20f7382dd24c"
                 },
                 {
                     "RGID":  "/subscriptions/30e3268b-2385-47bb-8b38-1b8ba6ef05fb/resourceGroups/Keyvault-RG",
                     "ControllerName":  "JasonFrank",
                     "ControllerID":  "48704212-bbbf-4408-a9c4-24fe57903bd2",
                     "ControllerType":  "User",
                     "ControllerOnPremID":  null,
                     "RoleName":  "User Access Administrator",
                     "RoleDefinitionId":  "18d7d88d-d35e-4fb5-a5c3-7773c20a72d9"
                 },
                 {
                     "RGID":  "/subscriptions/30e3268b-2385-47bb-8b38-1b8ba6ef05fb/resourceGroups/Keyvault-RG",
                     "ControllerName":  "Ryan Hausknecht",
                     "ControllerID":  "7924105b-af0d-48f8-bab5-fdf0a5d33173",
                     "ControllerType":  "User",
                     "ControllerOnPremID":  null,
                     "RoleName":  "User Access Administrator",
                     "RoleDefinitionId":  "18d7d88d-d35e-4fb5-a5c3-7773c20a72d9"
                 },
                 {
                     "RGID":  "/subscriptions/30e3268b-2385-47bb-8b38-1b8ba6ef05fb/resourceGroups/Keyvault-RG",
                     "ControllerName":  "Andrew Robbins",
                     "ControllerID":  "a9c15145-4ce3-4469-9cff-116333168aa4",
                     "ControllerType":  "User",
                     "ControllerOnPremID":  null,
                     "RoleName":  "User Access Administrator",
                     "RoleDefinitionId":  "18d7d88d-d35e-4fb5-a5c3-7773c20a72d9"
                 },
                 {
                     "RGID":  "/subscriptions/30e3268b-2385-47bb-8b38-1b8ba6ef05fb/resourceGroups/Keyvault-RG",
                     "ControllerName":  "Administrator",
                     "ControllerID":  "c9a14f0d-29ec-4242-8eda-645117807361",
                     "ControllerType":  "User",
                     "ControllerOnPremID":  null,
                     "RoleName":  "User Access Administrator",
                     "RoleDefinitionId":  "18d7d88d-d35e-4fb5-a5c3-7773c20a72d9"
                 },
                 {
                     "RGID":  "/subscriptions/30e3268b-2385-47bb-8b38-1b8ba6ef05fb/resourceGroups/AutomationAccountsRG",
                     "ControllerName":  "My Security Group",
                     "ControllerID":  "09322b20-961d-4719-8cdd-6ba90ed0a919",
                     "ControllerType":  "Group",
                     "ControllerOnPremID":  null,
                     "RoleName":  "User Access Administrator",
                     "RoleDefinitionId":  "18d7d88d-d35e-4fb5-a5c3-7773c20a72d9"
                 },
                 {
                     "RGID":  "/subscriptions/30e3268b-2385-47bb-8b38-1b8ba6ef05fb/resourceGroups/AutomationAccountsRG",
                     "ControllerName":  "JasonFrank",
                     "ControllerID":  "48704212-bbbf-4408-a9c4-24fe57903bd2",
                     "ControllerType":  "User",
                     "ControllerOnPremID":  null,
                     "RoleName":  "Owner",
                     "RoleDefinitionId":  "8e3af657-a8ff-443c-a75c-2fe8c4bcb635"
                 },
                 {
                     "RGID":  "/subscriptions/30e3268b-2385-47bb-8b38-1b8ba6ef05fb/resourceGroups/AutomationAccountsRG",
                     "ControllerName":  "Ryan Hausknecht",
                     "ControllerID":  "7924105b-af0d-48f8-bab5-fdf0a5d33173",
                     "ControllerType":  "User",
                     "ControllerOnPremID":  null,
                     "RoleName":  "Owner",
                     "RoleDefinitionId":  "8e3af657-a8ff-443c-a75c-2fe8c4bcb635"
                 },
                 {
                     "RGID":  "/subscriptions/30e3268b-2385-47bb-8b38-1b8ba6ef05fb/resourceGroups/AutomationAccountsRG",
                     "ControllerName":  "Andrew Robbins",
                     "ControllerID":  "a9c15145-4ce3-4469-9cff-116333168aa4",
                     "ControllerType":  "User",
                     "ControllerOnPremID":  null,
                     "RoleName":  "Owner",
                     "RoleDefinitionId":  "8e3af657-a8ff-443c-a75c-2fe8c4bcb635"
                 },
                 {
                     "RGID":  "/subscriptions/30e3268b-2385-47bb-8b38-1b8ba6ef05fb/resourceGroups/AutomationAccountsRG",
                     "ControllerName":  "Rohan Vazarkar",
                     "ControllerID":  "ce93ead4-82b5-48fa-ad76-f25e46bee779",
                     "ControllerType":  "User",
                     "ControllerOnPremID":  null,
                     "RoleName":  "Owner",
                     "RoleDefinitionId":  "8e3af657-a8ff-443c-a75c-2fe8c4bcb635"
                 },
                 {
                     "RGID":  "/subscriptions/30e3268b-2385-47bb-8b38-1b8ba6ef05fb/resourceGroups/AutomationAccountsRG",
                     "ControllerName":  "MyAutomationAccount_rKc6mBq2I4mtILUv4IUIZykRhsNwSl3T5tcPrNSOTf4=",
                     "ControllerID":  "48c2c345-bb01-43f1-bfd5-bbeec5b944d2",
                     "ControllerType":  "ServicePrincipal",
                     "ControllerOnPremID":  null,
                     "RoleName":  "Contributor",
                     "RoleDefinitionId":  "b24988ac-6180-42a0-ab88-20f7382dd24c"
                 },
                 {
                     "RGID":  "/subscriptions/30e3268b-2385-47bb-8b38-1b8ba6ef05fb/resourceGroups/AutomationAccountsRG",
                     "ControllerName":  "JasonFrank",
                     "ControllerID":  "48704212-bbbf-4408-a9c4-24fe57903bd2",
                     "ControllerType":  "User",
                     "ControllerOnPremID":  null,
                     "RoleName":  "User Access Administrator",
                     "RoleDefinitionId":  "18d7d88d-d35e-4fb5-a5c3-7773c20a72d9"
                 },
                 {
                     "RGID":  "/subscriptions/30e3268b-2385-47bb-8b38-1b8ba6ef05fb/resourceGroups/AutomationAccountsRG",
                     "ControllerName":  "Ryan Hausknecht",
                     "ControllerID":  "7924105b-af0d-48f8-bab5-fdf0a5d33173",
                     "ControllerType":  "User",
                     "ControllerOnPremID":  null,
                     "RoleName":  "User Access Administrator",
                     "RoleDefinitionId":  "18d7d88d-d35e-4fb5-a5c3-7773c20a72d9"
                 },
                 {
                     "RGID":  "/subscriptions/30e3268b-2385-47bb-8b38-1b8ba6ef05fb/resourceGroups/AutomationAccountsRG",
                     "ControllerName":  "Andrew Robbins",
                     "ControllerID":  "a9c15145-4ce3-4469-9cff-116333168aa4",
                     "ControllerType":  "User",
                     "ControllerOnPremID":  null,
                     "RoleName":  "User Access Administrator",
                     "RoleDefinitionId":  "18d7d88d-d35e-4fb5-a5c3-7773c20a72d9"
                 },
                 {
                     "RGID":  "/subscriptions/30e3268b-2385-47bb-8b38-1b8ba6ef05fb/resourceGroups/AutomationAccountsRG",
                     "ControllerName":  "Administrator",
                     "ControllerID":  "c9a14f0d-29ec-4242-8eda-645117807361",
                     "ControllerType":  "User",
                     "ControllerOnPremID":  null,
                     "RoleName":  "User Access Administrator",
                     "RoleDefinitionId":  "18d7d88d-d35e-4fb5-a5c3-7773c20a72d9"
                 },
                 {
                     "RGID":  "/subscriptions/30e3268b-2385-47bb-8b38-1b8ba6ef05fb/resourceGroups/FABRIKAM",
                     "ControllerName":  "JasonFrank",
                     "ControllerID":  "48704212-bbbf-4408-a9c4-24fe57903bd2",
                     "ControllerType":  "User",
                     "ControllerOnPremID":  null,
                     "RoleName":  "Owner",
                     "RoleDefinitionId":  "8e3af657-a8ff-443c-a75c-2fe8c4bcb635"
                 },
                 {
                     "RGID":  "/subscriptions/30e3268b-2385-47bb-8b38-1b8ba6ef05fb/resourceGroups/FABRIKAM",
                     "ControllerName":  "Ryan Hausknecht",
                     "ControllerID":  "7924105b-af0d-48f8-bab5-fdf0a5d33173",
                     "ControllerType":  "User",
                     "ControllerOnPremID":  null,
                     "RoleName":  "Owner",
                     "RoleDefinitionId":  "8e3af657-a8ff-443c-a75c-2fe8c4bcb635"
                 },
                 {
                     "RGID":  "/subscriptions/30e3268b-2385-47bb-8b38-1b8ba6ef05fb/resourceGroups/FABRIKAM",
                     "ControllerName":  "Andrew Robbins",
                     "ControllerID":  "a9c15145-4ce3-4469-9cff-116333168aa4",
                     "ControllerType":  "User",
                     "ControllerOnPremID":  null,
                     "RoleName":  "Owner",
                     "RoleDefinitionId":  "8e3af657-a8ff-443c-a75c-2fe8c4bcb635"
                 },
                 {
                     "RGID":  "/subscriptions/30e3268b-2385-47bb-8b38-1b8ba6ef05fb/resourceGroups/FABRIKAM",
                     "ControllerName":  "Rohan Vazarkar",
                     "ControllerID":  "ce93ead4-82b5-48fa-ad76-f25e46bee779",
                     "ControllerType":  "User",
                     "ControllerOnPremID":  null,
                     "RoleName":  "Owner",
                     "RoleDefinitionId":  "8e3af657-a8ff-443c-a75c-2fe8c4bcb635"
                 },
                 {
                     "RGID":  "/subscriptions/30e3268b-2385-47bb-8b38-1b8ba6ef05fb/resourceGroups/FABRIKAM",
                     "ControllerName":  "MyAutomationAccount_rKc6mBq2I4mtILUv4IUIZykRhsNwSl3T5tcPrNSOTf4=",
                     "ControllerID":  "48c2c345-bb01-43f1-bfd5-bbeec5b944d2",
                     "ControllerType":  "ServicePrincipal",
                     "ControllerOnPremID":  null,
                     "RoleName":  "Contributor",
                     "RoleDefinitionId":  "b24988ac-6180-42a0-ab88-20f7382dd24c"
                 },
                 {
                     "RGID":  "/subscriptions/30e3268b-2385-47bb-8b38-1b8ba6ef05fb/resourceGroups/FABRIKAM",
                     "ControllerName":  "JasonFrank",
                     "ControllerID":  "48704212-bbbf-4408-a9c4-24fe57903bd2",
                     "ControllerType":  "User",
                     "ControllerOnPremID":  null,
                     "RoleName":  "User Access Administrator",
                     "RoleDefinitionId":  "18d7d88d-d35e-4fb5-a5c3-7773c20a72d9"
                 },
                 {
                     "RGID":  "/subscriptions/30e3268b-2385-47bb-8b38-1b8ba6ef05fb/resourceGroups/FABRIKAM",
                     "ControllerName":  "Ryan Hausknecht",
                     "ControllerID":  "7924105b-af0d-48f8-bab5-fdf0a5d33173",
                     "ControllerType":  "User",
                     "ControllerOnPremID":  null,
                     "RoleName":  "User Access Administrator",
                     "RoleDefinitionId":  "18d7d88d-d35e-4fb5-a5c3-7773c20a72d9"
                 },
                 {
                     "RGID":  "/subscriptions/30e3268b-2385-47bb-8b38-1b8ba6ef05fb/resourceGroups/FABRIKAM",
                     "ControllerName":  "Andrew Robbins",
                     "ControllerID":  "a9c15145-4ce3-4469-9cff-116333168aa4",
                     "ControllerType":  "User",
                     "ControllerOnPremID":  null,
                     "RoleName":  "User Access Administrator",
                     "RoleDefinitionId":  "18d7d88d-d35e-4fb5-a5c3-7773c20a72d9"
                 },
                 {
                     "RGID":  "/subscriptions/30e3268b-2385-47bb-8b38-1b8ba6ef05fb/resourceGroups/FABRIKAM",
                     "ControllerName":  "Administrator",
                     "ControllerID":  "c9a14f0d-29ec-4242-8eda-645117807361",
                     "ControllerType":  "User",
                     "ControllerOnPremID":  null,
                     "RoleName":  "User Access Administrator",
                     "RoleDefinitionId":  "18d7d88d-d35e-4fb5-a5c3-7773c20a72d9"
                 },
                 {
                     "RGID":  "/subscriptions/30e3268b-2385-47bb-8b38-1b8ba6ef05fb/resourceGroups/My-RBAC-Resource-Group",
                     "ControllerName":  "JasonFrank",
                     "ControllerID":  "48704212-bbbf-4408-a9c4-24fe57903bd2",
                     "ControllerType":  "User",
                     "ControllerOnPremID":  null,
                     "RoleName":  "Owner",
                     "RoleDefinitionId":  "8e3af657-a8ff-443c-a75c-2fe8c4bcb635"
                 },
                 {
                     "RGID":  "/subscriptions/30e3268b-2385-47bb-8b38-1b8ba6ef05fb/resourceGroups/My-RBAC-Resource-Group",
                     "ControllerName":  "Ryan Hausknecht",
                     "ControllerID":  "7924105b-af0d-48f8-bab5-fdf0a5d33173",
                     "ControllerType":  "User",
                     "ControllerOnPremID":  null,
                     "RoleName":  "Owner",
                     "RoleDefinitionId":  "8e3af657-a8ff-443c-a75c-2fe8c4bcb635"
                 },
                 {
                     "RGID":  "/subscriptions/30e3268b-2385-47bb-8b38-1b8ba6ef05fb/resourceGroups/My-RBAC-Resource-Group",
                     "ControllerName":  "Andrew Robbins",
                     "ControllerID":  "a9c15145-4ce3-4469-9cff-116333168aa4",
                     "ControllerType":  "User",
                     "ControllerOnPremID":  null,
                     "RoleName":  "Owner",
                     "RoleDefinitionId":  "8e3af657-a8ff-443c-a75c-2fe8c4bcb635"
                 },
                 {
                     "RGID":  "/subscriptions/30e3268b-2385-47bb-8b38-1b8ba6ef05fb/resourceGroups/My-RBAC-Resource-Group",
                     "ControllerName":  "Rohan Vazarkar",
                     "ControllerID":  "ce93ead4-82b5-48fa-ad76-f25e46bee779",
                     "ControllerType":  "User",
                     "ControllerOnPremID":  null,
                     "RoleName":  "Owner",
                     "RoleDefinitionId":  "8e3af657-a8ff-443c-a75c-2fe8c4bcb635"
                 },
                 {
                     "RGID":  "/subscriptions/30e3268b-2385-47bb-8b38-1b8ba6ef05fb/resourceGroups/My-RBAC-Resource-Group",
                     "ControllerName":  "MyAutomationAccount_rKc6mBq2I4mtILUv4IUIZykRhsNwSl3T5tcPrNSOTf4=",
                     "ControllerID":  "48c2c345-bb01-43f1-bfd5-bbeec5b944d2",
                     "ControllerType":  "ServicePrincipal",
                     "ControllerOnPremID":  null,
                     "RoleName":  "Contributor",
                     "RoleDefinitionId":  "b24988ac-6180-42a0-ab88-20f7382dd24c"
                 },
                 {
                     "RGID":  "/subscriptions/30e3268b-2385-47bb-8b38-1b8ba6ef05fb/resourceGroups/My-RBAC-Resource-Group",
                     "ControllerName":  "JasonFrank",
                     "ControllerID":  "48704212-bbbf-4408-a9c4-24fe57903bd2",
                     "ControllerType":  "User",
                     "ControllerOnPremID":  null,
                     "RoleName":  "User Access Administrator",
                     "RoleDefinitionId":  "18d7d88d-d35e-4fb5-a5c3-7773c20a72d9"
                 },
                 {
                     "RGID":  "/subscriptions/30e3268b-2385-47bb-8b38-1b8ba6ef05fb/resourceGroups/My-RBAC-Resource-Group",
                     "ControllerName":  "Ryan Hausknecht",
                     "ControllerID":  "7924105b-af0d-48f8-bab5-fdf0a5d33173",
                     "ControllerType":  "User",
                     "ControllerOnPremID":  null,
                     "RoleName":  "User Access Administrator",
                     "RoleDefinitionId":  "18d7d88d-d35e-4fb5-a5c3-7773c20a72d9"
                 },
                 {
                     "RGID":  "/subscriptions/30e3268b-2385-47bb-8b38-1b8ba6ef05fb/resourceGroups/My-RBAC-Resource-Group",
                     "ControllerName":  "Andrew Robbins",
                     "ControllerID":  "a9c15145-4ce3-4469-9cff-116333168aa4",
                     "ControllerType":  "User",
                     "ControllerOnPremID":  null,
                     "RoleName":  "User Access Administrator",
                     "RoleDefinitionId":  "18d7d88d-d35e-4fb5-a5c3-7773c20a72d9"
                 },
                 {
                     "RGID":  "/subscriptions/30e3268b-2385-47bb-8b38-1b8ba6ef05fb/resourceGroups/My-RBAC-Resource-Group",
                     "ControllerName":  "Administrator",
                     "ControllerID":  "c9a14f0d-29ec-4242-8eda-645117807361",
                     "ControllerType":  "User",
                     "ControllerOnPremID":  null,
                     "RoleName":  "User Access Administrator",
                     "RoleDefinitionId":  "18d7d88d-d35e-4fb5-a5c3-7773c20a72d9"
                 },
                 {
                     "RGID":  "/subscriptions/30e3268b-2385-47bb-8b38-1b8ba6ef05fb/resourceGroups/testdevops-rg",
                     "ControllerName":  "SpecterTestOps-TestDevOps-907960bc-09d7-4e81-8b57-a07934a651e8",
                     "ControllerID":  "14bad954-6d3e-4186-9064-4816bd70f4c6",
                     "ControllerType":  "ServicePrincipal",
                     "ControllerOnPremID":  null,
                     "RoleName":  "Contributor",
                     "RoleDefinitionId":  "b24988ac-6180-42a0-ab88-20f7382dd24c"
                 },
                 {
                     "RGID":  "/subscriptions/30e3268b-2385-47bb-8b38-1b8ba6ef05fb/resourceGroups/testdevops-rg",
                     "ControllerName":  "JasonFrank",
                     "ControllerID":  "48704212-bbbf-4408-a9c4-24fe57903bd2",
                     "ControllerType":  "User",
                     "ControllerOnPremID":  null,
                     "RoleName":  "Owner",
                     "RoleDefinitionId":  "8e3af657-a8ff-443c-a75c-2fe8c4bcb635"
                 },
                 {
                     "RGID":  "/subscriptions/30e3268b-2385-47bb-8b38-1b8ba6ef05fb/resourceGroups/testdevops-rg",
                     "ControllerName":  "Ryan Hausknecht",
                     "ControllerID":  "7924105b-af0d-48f8-bab5-fdf0a5d33173",
                     "ControllerType":  "User",
                     "ControllerOnPremID":  null,
                     "RoleName":  "Owner",
                     "RoleDefinitionId":  "8e3af657-a8ff-443c-a75c-2fe8c4bcb635"
                 },
                 {
                     "RGID":  "/subscriptions/30e3268b-2385-47bb-8b38-1b8ba6ef05fb/resourceGroups/testdevops-rg",
                     "ControllerName":  "Andrew Robbins",
                     "ControllerID":  "a9c15145-4ce3-4469-9cff-116333168aa4",
                     "ControllerType":  "User",
                     "ControllerOnPremID":  null,
                     "RoleName":  "Owner",
                     "RoleDefinitionId":  "8e3af657-a8ff-443c-a75c-2fe8c4bcb635"
                 },
                 {
                     "RGID":  "/subscriptions/30e3268b-2385-47bb-8b38-1b8ba6ef05fb/resourceGroups/testdevops-rg",
                     "ControllerName":  "Rohan Vazarkar",
                     "ControllerID":  "ce93ead4-82b5-48fa-ad76-f25e46bee779",
                     "ControllerType":  "User",
                     "ControllerOnPremID":  null,
                     "RoleName":  "Owner",
                     "RoleDefinitionId":  "8e3af657-a8ff-443c-a75c-2fe8c4bcb635"
                 },
                 {
                     "RGID":  "/subscriptions/30e3268b-2385-47bb-8b38-1b8ba6ef05fb/resourceGroups/testdevops-rg",
                     "ControllerName":  "MyAutomationAccount_rKc6mBq2I4mtILUv4IUIZykRhsNwSl3T5tcPrNSOTf4=",
                     "ControllerID":  "48c2c345-bb01-43f1-bfd5-bbeec5b944d2",
                     "ControllerType":  "ServicePrincipal",
                     "ControllerOnPremID":  null,
                     "RoleName":  "Contributor",
                     "RoleDefinitionId":  "b24988ac-6180-42a0-ab88-20f7382dd24c"
                 },
                 {
                     "RGID":  "/subscriptions/30e3268b-2385-47bb-8b38-1b8ba6ef05fb/resourceGroups/testdevops-rg",
                     "ControllerName":  "JasonFrank",
                     "ControllerID":  "48704212-bbbf-4408-a9c4-24fe57903bd2",
                     "ControllerType":  "User",
                     "ControllerOnPremID":  null,
                     "RoleName":  "User Access Administrator",
                     "RoleDefinitionId":  "18d7d88d-d35e-4fb5-a5c3-7773c20a72d9"
                 },
                 {
                     "RGID":  "/subscriptions/30e3268b-2385-47bb-8b38-1b8ba6ef05fb/resourceGroups/testdevops-rg",
                     "ControllerName":  "Ryan Hausknecht",
                     "ControllerID":  "7924105b-af0d-48f8-bab5-fdf0a5d33173",
                     "ControllerType":  "User",
                     "ControllerOnPremID":  null,
                     "RoleName":  "User Access Administrator",
                     "RoleDefinitionId":  "18d7d88d-d35e-4fb5-a5c3-7773c20a72d9"
                 },
                 {
                     "RGID":  "/subscriptions/30e3268b-2385-47bb-8b38-1b8ba6ef05fb/resourceGroups/testdevops-rg",
                     "ControllerName":  "Andrew Robbins",
                     "ControllerID":  "a9c15145-4ce3-4469-9cff-116333168aa4",
                     "ControllerType":  "User",
                     "ControllerOnPremID":  null,
                     "RoleName":  "User Access Administrator",
                     "RoleDefinitionId":  "18d7d88d-d35e-4fb5-a5c3-7773c20a72d9"
                 },
                 {
                     "RGID":  "/subscriptions/30e3268b-2385-47bb-8b38-1b8ba6ef05fb/resourceGroups/testdevops-rg",
                     "ControllerName":  "Administrator",
                     "ControllerID":  "c9a14f0d-29ec-4242-8eda-645117807361",
                     "ControllerType":  "User",
                     "ControllerOnPremID":  null,
                     "RoleName":  "User Access Administrator",
                     "RoleDefinitionId":  "18d7d88d-d35e-4fb5-a5c3-7773c20a72d9"
                 },
                 {
                     "RGID":  "/subscriptions/30e3268b-2385-47bb-8b38-1b8ba6ef05fb/resourceGroups/VstsRG-SpecterTestOps-5e77",
                     "ControllerName":  "JasonFrank",
                     "ControllerID":  "48704212-bbbf-4408-a9c4-24fe57903bd2",
                     "ControllerType":  "User",
                     "ControllerOnPremID":  null,
                     "RoleName":  "Owner",
                     "RoleDefinitionId":  "8e3af657-a8ff-443c-a75c-2fe8c4bcb635"
                 },
                 {
                     "RGID":  "/subscriptions/30e3268b-2385-47bb-8b38-1b8ba6ef05fb/resourceGroups/VstsRG-SpecterTestOps-5e77",
                     "ControllerName":  "Ryan Hausknecht",
                     "ControllerID":  "7924105b-af0d-48f8-bab5-fdf0a5d33173",
                     "ControllerType":  "User",
                     "ControllerOnPremID":  null,
                     "RoleName":  "Owner",
                     "RoleDefinitionId":  "8e3af657-a8ff-443c-a75c-2fe8c4bcb635"
                 },
                 {
                     "RGID":  "/subscriptions/30e3268b-2385-47bb-8b38-1b8ba6ef05fb/resourceGroups/VstsRG-SpecterTestOps-5e77",
                     "ControllerName":  "Andrew Robbins",
                     "ControllerID":  "a9c15145-4ce3-4469-9cff-116333168aa4",
                     "ControllerType":  "User",
                     "ControllerOnPremID":  null,
                     "RoleName":  "Owner",
                     "RoleDefinitionId":  "8e3af657-a8ff-443c-a75c-2fe8c4bcb635"
                 },
                 {
                     "RGID":  "/subscriptions/30e3268b-2385-47bb-8b38-1b8ba6ef05fb/resourceGroups/VstsRG-SpecterTestOps-5e77",
                     "ControllerName":  "Rohan Vazarkar",
                     "ControllerID":  "ce93ead4-82b5-48fa-ad76-f25e46bee779",
                     "ControllerType":  "User",
                     "ControllerOnPremID":  null,
                     "RoleName":  "Owner",
                     "RoleDefinitionId":  "8e3af657-a8ff-443c-a75c-2fe8c4bcb635"
                 },
                 {
                     "RGID":  "/subscriptions/30e3268b-2385-47bb-8b38-1b8ba6ef05fb/resourceGroups/VstsRG-SpecterTestOps-5e77",
                     "ControllerName":  "MyAutomationAccount_rKc6mBq2I4mtILUv4IUIZykRhsNwSl3T5tcPrNSOTf4=",
                     "ControllerID":  "48c2c345-bb01-43f1-bfd5-bbeec5b944d2",
                     "ControllerType":  "ServicePrincipal",
                     "ControllerOnPremID":  null,
                     "RoleName":  "Contributor",
                     "RoleDefinitionId":  "b24988ac-6180-42a0-ab88-20f7382dd24c"
                 },
                 {
                     "RGID":  "/subscriptions/30e3268b-2385-47bb-8b38-1b8ba6ef05fb/resourceGroups/VstsRG-SpecterTestOps-5e77",
                     "ControllerName":  "JasonFrank",
                     "ControllerID":  "48704212-bbbf-4408-a9c4-24fe57903bd2",
                     "ControllerType":  "User",
                     "ControllerOnPremID":  null,
                     "RoleName":  "User Access Administrator",
                     "RoleDefinitionId":  "18d7d88d-d35e-4fb5-a5c3-7773c20a72d9"
                 },
                 {
                     "RGID":  "/subscriptions/30e3268b-2385-47bb-8b38-1b8ba6ef05fb/resourceGroups/VstsRG-SpecterTestOps-5e77",
                     "ControllerName":  "Ryan Hausknecht",
                     "ControllerID":  "7924105b-af0d-48f8-bab5-fdf0a5d33173",
                     "ControllerType":  "User",
                     "ControllerOnPremID":  null,
                     "RoleName":  "User Access Administrator",
                     "RoleDefinitionId":  "18d7d88d-d35e-4fb5-a5c3-7773c20a72d9"
                 },
                 {
                     "RGID":  "/subscriptions/30e3268b-2385-47bb-8b38-1b8ba6ef05fb/resourceGroups/VstsRG-SpecterTestOps-5e77",
                     "ControllerName":  "Andrew Robbins",
                     "ControllerID":  "a9c15145-4ce3-4469-9cff-116333168aa4",
                     "ControllerType":  "User",
                     "ControllerOnPremID":  null,
                     "RoleName":  "User Access Administrator",
                     "RoleDefinitionId":  "18d7d88d-d35e-4fb5-a5c3-7773c20a72d9"
                 },
                 {
                     "RGID":  "/subscriptions/30e3268b-2385-47bb-8b38-1b8ba6ef05fb/resourceGroups/VstsRG-SpecterTestOps-5e77",
                     "ControllerName":  "Administrator",
                     "ControllerID":  "c9a14f0d-29ec-4242-8eda-645117807361",
                     "ControllerType":  "User",
                     "ControllerOnPremID":  null,
                     "RoleName":  "User Access Administrator",
                     "RoleDefinitionId":  "18d7d88d-d35e-4fb5-a5c3-7773c20a72d9"
                 },
                 {
                     "RGID":  "/subscriptions/30e3268b-2385-47bb-8b38-1b8ba6ef05fb/resourceGroups/Win10IntuneTest_group",
                     "ControllerName":  "JasonFrank",
                     "ControllerID":  "48704212-bbbf-4408-a9c4-24fe57903bd2",
                     "ControllerType":  "User",
                     "ControllerOnPremID":  null,
                     "RoleName":  "Owner",
                     "RoleDefinitionId":  "8e3af657-a8ff-443c-a75c-2fe8c4bcb635"
                 },
                 {
                     "RGID":  "/subscriptions/30e3268b-2385-47bb-8b38-1b8ba6ef05fb/resourceGroups/Win10IntuneTest_group",
                     "ControllerName":  "Ryan Hausknecht",
                     "ControllerID":  "7924105b-af0d-48f8-bab5-fdf0a5d33173",
                     "ControllerType":  "User",
                     "ControllerOnPremID":  null,
                     "RoleName":  "Owner",
                     "RoleDefinitionId":  "8e3af657-a8ff-443c-a75c-2fe8c4bcb635"
                 },
                 {
                     "RGID":  "/subscriptions/30e3268b-2385-47bb-8b38-1b8ba6ef05fb/resourceGroups/Win10IntuneTest_group",
                     "ControllerName":  "Andrew Robbins",
                     "ControllerID":  "a9c15145-4ce3-4469-9cff-116333168aa4",
                     "ControllerType":  "User",
                     "ControllerOnPremID":  null,
                     "RoleName":  "Owner",
                     "RoleDefinitionId":  "8e3af657-a8ff-443c-a75c-2fe8c4bcb635"
                 },
                 {
                     "RGID":  "/subscriptions/30e3268b-2385-47bb-8b38-1b8ba6ef05fb/resourceGroups/Win10IntuneTest_group",
                     "ControllerName":  "Rohan Vazarkar",
                     "ControllerID":  "ce93ead4-82b5-48fa-ad76-f25e46bee779",
                     "ControllerType":  "User",
                     "ControllerOnPremID":  null,
                     "RoleName":  "Owner",
                     "RoleDefinitionId":  "8e3af657-a8ff-443c-a75c-2fe8c4bcb635"
                 },
                 {
                     "RGID":  "/subscriptions/30e3268b-2385-47bb-8b38-1b8ba6ef05fb/resourceGroups/Win10IntuneTest_group",
                     "ControllerName":  "MyAutomationAccount_rKc6mBq2I4mtILUv4IUIZykRhsNwSl3T5tcPrNSOTf4=",
                     "ControllerID":  "48c2c345-bb01-43f1-bfd5-bbeec5b944d2",
                     "ControllerType":  "ServicePrincipal",
                     "ControllerOnPremID":  null,
                     "RoleName":  "Contributor",
                     "RoleDefinitionId":  "b24988ac-6180-42a0-ab88-20f7382dd24c"
                 },
                 {
                     "RGID":  "/subscriptions/30e3268b-2385-47bb-8b38-1b8ba6ef05fb/resourceGroups/Win10IntuneTest_group",
                     "ControllerName":  "JasonFrank",
                     "ControllerID":  "48704212-bbbf-4408-a9c4-24fe57903bd2",
                     "ControllerType":  "User",
                     "ControllerOnPremID":  null,
                     "RoleName":  "User Access Administrator",
                     "RoleDefinitionId":  "18d7d88d-d35e-4fb5-a5c3-7773c20a72d9"
                 },
                 {
                     "RGID":  "/subscriptions/30e3268b-2385-47bb-8b38-1b8ba6ef05fb/resourceGroups/Win10IntuneTest_group",
                     "ControllerName":  "Ryan Hausknecht",
                     "ControllerID":  "7924105b-af0d-48f8-bab5-fdf0a5d33173",
                     "ControllerType":  "User",
                     "ControllerOnPremID":  null,
                     "RoleName":  "User Access Administrator",
                     "RoleDefinitionId":  "18d7d88d-d35e-4fb5-a5c3-7773c20a72d9"
                 },
                 {
                     "RGID":  "/subscriptions/30e3268b-2385-47bb-8b38-1b8ba6ef05fb/resourceGroups/Win10IntuneTest_group",
                     "ControllerName":  "Andrew Robbins",
                     "ControllerID":  "a9c15145-4ce3-4469-9cff-116333168aa4",
                     "ControllerType":  "User",
                     "ControllerOnPremID":  null,
                     "RoleName":  "User Access Administrator",
                     "RoleDefinitionId":  "18d7d88d-d35e-4fb5-a5c3-7773c20a72d9"
                 },
                 {
                     "RGID":  "/subscriptions/30e3268b-2385-47bb-8b38-1b8ba6ef05fb/resourceGroups/Win10IntuneTest_group",
                     "ControllerName":  "Administrator",
                     "ControllerID":  "c9a14f0d-29ec-4242-8eda-645117807361",
                     "ControllerType":  "User",
                     "ControllerOnPremID":  null,
                     "RoleName":  "User Access Administrator",
                     "RoleDefinitionId":  "18d7d88d-d35e-4fb5-a5c3-7773c20a72d9"
                 },
                 {
                     "RGID":  "/subscriptions/30e3268b-2385-47bb-8b38-1b8ba6ef05fb/resourceGroups/Win10Test_group",
                     "ControllerName":  "JasonFrank",
                     "ControllerID":  "48704212-bbbf-4408-a9c4-24fe57903bd2",
                     "ControllerType":  "User",
                     "ControllerOnPremID":  null,
                     "RoleName":  "Owner",
                     "RoleDefinitionId":  "8e3af657-a8ff-443c-a75c-2fe8c4bcb635"
                 },
                 {
                     "RGID":  "/subscriptions/30e3268b-2385-47bb-8b38-1b8ba6ef05fb/resourceGroups/Win10Test_group",
                     "ControllerName":  "Ryan Hausknecht",
                     "ControllerID":  "7924105b-af0d-48f8-bab5-fdf0a5d33173",
                     "ControllerType":  "User",
                     "ControllerOnPremID":  null,
                     "RoleName":  "Owner",
                     "RoleDefinitionId":  "8e3af657-a8ff-443c-a75c-2fe8c4bcb635"
                 },
                 {
                     "RGID":  "/subscriptions/30e3268b-2385-47bb-8b38-1b8ba6ef05fb/resourceGroups/Win10Test_group",
                     "ControllerName":  "Andrew Robbins",
                     "ControllerID":  "a9c15145-4ce3-4469-9cff-116333168aa4",
                     "ControllerType":  "User",
                     "ControllerOnPremID":  null,
                     "RoleName":  "Owner",
                     "RoleDefinitionId":  "8e3af657-a8ff-443c-a75c-2fe8c4bcb635"
                 },
                 {
                     "RGID":  "/subscriptions/30e3268b-2385-47bb-8b38-1b8ba6ef05fb/resourceGroups/Win10Test_group",
                     "ControllerName":  "Rohan Vazarkar",
                     "ControllerID":  "ce93ead4-82b5-48fa-ad76-f25e46bee779",
                     "ControllerType":  "User",
                     "ControllerOnPremID":  null,
                     "RoleName":  "Owner",
                     "RoleDefinitionId":  "8e3af657-a8ff-443c-a75c-2fe8c4bcb635"
                 },
                 {
                     "RGID":  "/subscriptions/30e3268b-2385-47bb-8b38-1b8ba6ef05fb/resourceGroups/Win10Test_group",
                     "ControllerName":  "MyAutomationAccount_rKc6mBq2I4mtILUv4IUIZykRhsNwSl3T5tcPrNSOTf4=",
                     "ControllerID":  "48c2c345-bb01-43f1-bfd5-bbeec5b944d2",
                     "ControllerType":  "ServicePrincipal",
                     "ControllerOnPremID":  null,
                     "RoleName":  "Contributor",
                     "RoleDefinitionId":  "b24988ac-6180-42a0-ab88-20f7382dd24c"
                 },
                 {
                     "RGID":  "/subscriptions/30e3268b-2385-47bb-8b38-1b8ba6ef05fb/resourceGroups/Win10Test_group",
                     "ControllerName":  "JasonFrank",
                     "ControllerID":  "48704212-bbbf-4408-a9c4-24fe57903bd2",
                     "ControllerType":  "User",
                     "ControllerOnPremID":  null,
                     "RoleName":  "User Access Administrator",
                     "RoleDefinitionId":  "18d7d88d-d35e-4fb5-a5c3-7773c20a72d9"
                 },
                 {
                     "RGID":  "/subscriptions/30e3268b-2385-47bb-8b38-1b8ba6ef05fb/resourceGroups/Win10Test_group",
                     "ControllerName":  "Ryan Hausknecht",
                     "ControllerID":  "7924105b-af0d-48f8-bab5-fdf0a5d33173",
                     "ControllerType":  "User",
                     "ControllerOnPremID":  null,
                     "RoleName":  "User Access Administrator",
                     "RoleDefinitionId":  "18d7d88d-d35e-4fb5-a5c3-7773c20a72d9"
                 },
                 {
                     "RGID":  "/subscriptions/30e3268b-2385-47bb-8b38-1b8ba6ef05fb/resourceGroups/Win10Test_group",
                     "ControllerName":  "Andrew Robbins",
                     "ControllerID":  "a9c15145-4ce3-4469-9cff-116333168aa4",
                     "ControllerType":  "User",
                     "ControllerOnPremID":  null,
                     "RoleName":  "User Access Administrator",
                     "RoleDefinitionId":  "18d7d88d-d35e-4fb5-a5c3-7773c20a72d9"
                 },
                 {
                     "RGID":  "/subscriptions/30e3268b-2385-47bb-8b38-1b8ba6ef05fb/resourceGroups/Win10Test_group",
                     "ControllerName":  "Administrator",
                     "ControllerID":  "c9a14f0d-29ec-4242-8eda-645117807361",
                     "ControllerType":  "User",
                     "ControllerOnPremID":  null,
                     "RoleName":  "User Access Administrator",
                     "RoleDefinitionId":  "18d7d88d-d35e-4fb5-a5c3-7773c20a72d9"
                 },
                 {
                     "RGID":  "/subscriptions/30e3268b-2385-47bb-8b38-1b8ba6ef05fb/resourceGroups/BH-AttackPath",
                     "ControllerName":  "Administrator",
                     "ControllerID":  "c9a14f0d-29ec-4242-8eda-645117807361",
                     "ControllerType":  "User",
                     "ControllerOnPremID":  null,
                     "RoleName":  "Managed Application Operator Role",
                     "RoleDefinitionId":  "c7393b34-138c-406f-901b-d8cf2b17e6ae"
                 },
                 {
                     "RGID":  "/subscriptions/30e3268b-2385-47bb-8b38-1b8ba6ef05fb/resourceGroups/BH-AttackPath",
                     "ControllerName":  "JasonFrank",
                     "ControllerID":  "48704212-bbbf-4408-a9c4-24fe57903bd2",
                     "ControllerType":  "User",
                     "ControllerOnPremID":  null,
                     "RoleName":  "Owner",
                     "RoleDefinitionId":  "8e3af657-a8ff-443c-a75c-2fe8c4bcb635"
                 },
                 {
                     "RGID":  "/subscriptions/30e3268b-2385-47bb-8b38-1b8ba6ef05fb/resourceGroups/BH-AttackPath",
                     "ControllerName":  "Ryan Hausknecht",
                     "ControllerID":  "7924105b-af0d-48f8-bab5-fdf0a5d33173",
                     "ControllerType":  "User",
                     "ControllerOnPremID":  null,
                     "RoleName":  "Owner",
                     "RoleDefinitionId":  "8e3af657-a8ff-443c-a75c-2fe8c4bcb635"
                 },
                 {
                     "RGID":  "/subscriptions/30e3268b-2385-47bb-8b38-1b8ba6ef05fb/resourceGroups/BH-AttackPath",
                     "ControllerName":  "Andrew Robbins",
                     "ControllerID":  "a9c15145-4ce3-4469-9cff-116333168aa4",
                     "ControllerType":  "User",
                     "ControllerOnPremID":  null,
                     "RoleName":  "Owner",
                     "RoleDefinitionId":  "8e3af657-a8ff-443c-a75c-2fe8c4bcb635"
                 },
                 {
                     "RGID":  "/subscriptions/30e3268b-2385-47bb-8b38-1b8ba6ef05fb/resourceGroups/BH-AttackPath",
                     "ControllerName":  "Rohan Vazarkar",
                     "ControllerID":  "ce93ead4-82b5-48fa-ad76-f25e46bee779",
                     "ControllerType":  "User",
                     "ControllerOnPremID":  null,
                     "RoleName":  "Owner",
                     "RoleDefinitionId":  "8e3af657-a8ff-443c-a75c-2fe8c4bcb635"
                 },
                 {
                     "RGID":  "/subscriptions/30e3268b-2385-47bb-8b38-1b8ba6ef05fb/resourceGroups/BH-AttackPath",
                     "ControllerName":  "MyAutomationAccount_rKc6mBq2I4mtILUv4IUIZykRhsNwSl3T5tcPrNSOTf4=",
                     "ControllerID":  "48c2c345-bb01-43f1-bfd5-bbeec5b944d2",
                     "ControllerType":  "ServicePrincipal",
                     "ControllerOnPremID":  null,
                     "RoleName":  "Contributor",
                     "RoleDefinitionId":  "b24988ac-6180-42a0-ab88-20f7382dd24c"
                 },
                 {
                     "RGID":  "/subscriptions/30e3268b-2385-47bb-8b38-1b8ba6ef05fb/resourceGroups/BH-AttackPath",
                     "ControllerName":  "JasonFrank",
                     "ControllerID":  "48704212-bbbf-4408-a9c4-24fe57903bd2",
                     "ControllerType":  "User",
                     "ControllerOnPremID":  null,
                     "RoleName":  "User Access Administrator",
                     "RoleDefinitionId":  "18d7d88d-d35e-4fb5-a5c3-7773c20a72d9"
                 },
                 {
                     "RGID":  "/subscriptions/30e3268b-2385-47bb-8b38-1b8ba6ef05fb/resourceGroups/BH-AttackPath",
                     "ControllerName":  "Ryan Hausknecht",
                     "ControllerID":  "7924105b-af0d-48f8-bab5-fdf0a5d33173",
                     "ControllerType":  "User",
                     "ControllerOnPremID":  null,
                     "RoleName":  "User Access Administrator",
                     "RoleDefinitionId":  "18d7d88d-d35e-4fb5-a5c3-7773c20a72d9"
                 },
                 {
                     "RGID":  "/subscriptions/30e3268b-2385-47bb-8b38-1b8ba6ef05fb/resourceGroups/BH-AttackPath",
                     "ControllerName":  "Andrew Robbins",
                     "ControllerID":  "a9c15145-4ce3-4469-9cff-116333168aa4",
                     "ControllerType":  "User",
                     "ControllerOnPremID":  null,
                     "RoleName":  "User Access Administrator",
                     "RoleDefinitionId":  "18d7d88d-d35e-4fb5-a5c3-7773c20a72d9"
                 },
                 {
                     "RGID":  "/subscriptions/30e3268b-2385-47bb-8b38-1b8ba6ef05fb/resourceGroups/BH-AttackPath",
                     "ControllerName":  "Administrator",
                     "ControllerID":  "c9a14f0d-29ec-4242-8eda-645117807361",
                     "ControllerType":  "User",
                     "ControllerOnPremID":  null,
                     "RoleName":  "User Access Administrator",
                     "RoleDefinitionId":  "18d7d88d-d35e-4fb5-a5c3-7773c20a72d9"
                 },
                 {
                     "RGID":  "/subscriptions/30e3268b-2385-47bb-8b38-1b8ba6ef05fb/resourceGroups/FabrikamFinance",
                     "ControllerName":  "JasonFrank",
                     "ControllerID":  "48704212-bbbf-4408-a9c4-24fe57903bd2",
                     "ControllerType":  "User",
                     "ControllerOnPremID":  null,
                     "RoleName":  "Owner",
                     "RoleDefinitionId":  "8e3af657-a8ff-443c-a75c-2fe8c4bcb635"
                 },
                 {
                     "RGID":  "/subscriptions/30e3268b-2385-47bb-8b38-1b8ba6ef05fb/resourceGroups/FabrikamFinance",
                     "ControllerName":  "Ryan Hausknecht",
                     "ControllerID":  "7924105b-af0d-48f8-bab5-fdf0a5d33173",
                     "ControllerType":  "User",
                     "ControllerOnPremID":  null,
                     "RoleName":  "Owner",
                     "RoleDefinitionId":  "8e3af657-a8ff-443c-a75c-2fe8c4bcb635"
                 },
                 {
                     "RGID":  "/subscriptions/30e3268b-2385-47bb-8b38-1b8ba6ef05fb/resourceGroups/FabrikamFinance",
                     "ControllerName":  "Andrew Robbins",
                     "ControllerID":  "a9c15145-4ce3-4469-9cff-116333168aa4",
                     "ControllerType":  "User",
                     "ControllerOnPremID":  null,
                     "RoleName":  "Owner",
                     "RoleDefinitionId":  "8e3af657-a8ff-443c-a75c-2fe8c4bcb635"
                 },
                 {
                     "RGID":  "/subscriptions/30e3268b-2385-47bb-8b38-1b8ba6ef05fb/resourceGroups/FabrikamFinance",
                     "ControllerName":  "Rohan Vazarkar",
                     "ControllerID":  "ce93ead4-82b5-48fa-ad76-f25e46bee779",
                     "ControllerType":  "User",
                     "ControllerOnPremID":  null,
                     "RoleName":  "Owner",
                     "RoleDefinitionId":  "8e3af657-a8ff-443c-a75c-2fe8c4bcb635"
                 },
                 {
                     "RGID":  "/subscriptions/30e3268b-2385-47bb-8b38-1b8ba6ef05fb/resourceGroups/FabrikamFinance",
                     "ControllerName":  "MyAutomationAccount_rKc6mBq2I4mtILUv4IUIZykRhsNwSl3T5tcPrNSOTf4=",
                     "ControllerID":  "48c2c345-bb01-43f1-bfd5-bbeec5b944d2",
                     "ControllerType":  "ServicePrincipal",
                     "ControllerOnPremID":  null,
                     "RoleName":  "Contributor",
                     "RoleDefinitionId":  "b24988ac-6180-42a0-ab88-20f7382dd24c"
                 },
                 {
                     "RGID":  "/subscriptions/30e3268b-2385-47bb-8b38-1b8ba6ef05fb/resourceGroups/FabrikamFinance",
                     "ControllerName":  "JasonFrank",
                     "ControllerID":  "48704212-bbbf-4408-a9c4-24fe57903bd2",
                     "ControllerType":  "User",
                     "ControllerOnPremID":  null,
                     "RoleName":  "User Access Administrator",
                     "RoleDefinitionId":  "18d7d88d-d35e-4fb5-a5c3-7773c20a72d9"
                 },
                 {
                     "RGID":  "/subscriptions/30e3268b-2385-47bb-8b38-1b8ba6ef05fb/resourceGroups/FabrikamFinance",
                     "ControllerName":  "Ryan Hausknecht",
                     "ControllerID":  "7924105b-af0d-48f8-bab5-fdf0a5d33173",
                     "ControllerType":  "User",
                     "ControllerOnPremID":  null,
                     "RoleName":  "User Access Administrator",
                     "RoleDefinitionId":  "18d7d88d-d35e-4fb5-a5c3-7773c20a72d9"
                 },
                 {
                     "RGID":  "/subscriptions/30e3268b-2385-47bb-8b38-1b8ba6ef05fb/resourceGroups/FabrikamFinance",
                     "ControllerName":  "Andrew Robbins",
                     "ControllerID":  "a9c15145-4ce3-4469-9cff-116333168aa4",
                     "ControllerType":  "User",
                     "ControllerOnPremID":  null,
                     "RoleName":  "User Access Administrator",
                     "RoleDefinitionId":  "18d7d88d-d35e-4fb5-a5c3-7773c20a72d9"
                 },
                 {
                     "RGID":  "/subscriptions/30e3268b-2385-47bb-8b38-1b8ba6ef05fb/resourceGroups/FabrikamFinance",
                     "ControllerName":  "Administrator",
                     "ControllerID":  "c9a14f0d-29ec-4242-8eda-645117807361",
                     "ControllerType":  "User",
                     "ControllerOnPremID":  null,
                     "RoleName":  "User Access Administrator",
                     "RoleDefinitionId":  "18d7d88d-d35e-4fb5-a5c3-7773c20a72d9"
                 },
                 {
                     "RGID":  "/subscriptions/27010acc-67a3-40a9-ba96-0b5700ffa041/resourceGroups/MyRGinSecondSub",
                     "ControllerName":  "Ryan Hausknecht",
                     "ControllerID":  "7924105b-af0d-48f8-bab5-fdf0a5d33173",
                     "ControllerType":  "User",
                     "ControllerOnPremID":  null,
                     "RoleName":  "Virtual Machine Administrator Login",
                     "RoleDefinitionId":  "1c0163c0-47e6-4577-8991-ea5c82e286e4"
                 },
                 {
                     "RGID":  "/subscriptions/27010acc-67a3-40a9-ba96-0b5700ffa041/resourceGroups/MyRGinSecondSub",
                     "ControllerName":  "JasonFrank",
                     "ControllerID":  "48704212-bbbf-4408-a9c4-24fe57903bd2",
                     "ControllerType":  "User",
                     "ControllerOnPremID":  null,
                     "RoleName":  "Owner",
                     "RoleDefinitionId":  "8e3af657-a8ff-443c-a75c-2fe8c4bcb635"
                 },
                 {
                     "RGID":  "/subscriptions/27010acc-67a3-40a9-ba96-0b5700ffa041/resourceGroups/MyRGinSecondSub",
                     "ControllerName":  "Ryan Hausknecht",
                     "ControllerID":  "7924105b-af0d-48f8-bab5-fdf0a5d33173",
                     "ControllerType":  "User",
                     "ControllerOnPremID":  null,
                     "RoleName":  "Owner",
                     "RoleDefinitionId":  "8e3af657-a8ff-443c-a75c-2fe8c4bcb635"
                 },
                 {
                     "RGID":  "/subscriptions/27010acc-67a3-40a9-ba96-0b5700ffa041/resourceGroups/MyRGinSecondSub",
                     "ControllerName":  "Andrew Robbins",
                     "ControllerID":  "a9c15145-4ce3-4469-9cff-116333168aa4",
                     "ControllerType":  "User",
                     "ControllerOnPremID":  null,
                     "RoleName":  "Owner",
                     "RoleDefinitionId":  "8e3af657-a8ff-443c-a75c-2fe8c4bcb635"
                 },
                 {
                     "RGID":  "/subscriptions/27010acc-67a3-40a9-ba96-0b5700ffa041/resourceGroups/MyRGinSecondSub",
                     "ControllerName":  "JasonFrank",
                     "ControllerID":  "48704212-bbbf-4408-a9c4-24fe57903bd2",
                     "ControllerType":  "User",
                     "ControllerOnPremID":  null,
                     "RoleName":  "User Access Administrator",
                     "RoleDefinitionId":  "18d7d88d-d35e-4fb5-a5c3-7773c20a72d9"
                 },
                 {
                     "RGID":  "/subscriptions/27010acc-67a3-40a9-ba96-0b5700ffa041/resourceGroups/MyRGinSecondSub",
                     "ControllerName":  "Ryan Hausknecht",
                     "ControllerID":  "7924105b-af0d-48f8-bab5-fdf0a5d33173",
                     "ControllerType":  "User",
                     "ControllerOnPremID":  null,
                     "RoleName":  "User Access Administrator",
                     "RoleDefinitionId":  "18d7d88d-d35e-4fb5-a5c3-7773c20a72d9"
                 },
                 {
                     "RGID":  "/subscriptions/27010acc-67a3-40a9-ba96-0b5700ffa041/resourceGroups/MyRGinSecondSub",
                     "ControllerName":  "Andrew Robbins",
                     "ControllerID":  "a9c15145-4ce3-4469-9cff-116333168aa4",
                     "ControllerType":  "User",
                     "ControllerOnPremID":  null,
                     "RoleName":  "User Access Administrator",
                     "RoleDefinitionId":  "18d7d88d-d35e-4fb5-a5c3-7773c20a72d9"
                 },
                 {
                     "RGID":  "/subscriptions/27010acc-67a3-40a9-ba96-0b5700ffa041/resourceGroups/MyRGinSecondSub",
                     "ControllerName":  "Administrator",
                     "ControllerID":  "c9a14f0d-29ec-4242-8eda-645117807361",
                     "ControllerType":  "User",
                     "ControllerOnPremID":  null,
                     "RoleName":  "User Access Administrator",
                     "RoleDefinitionId":  "18d7d88d-d35e-4fb5-a5c3-7773c20a72d9"
                 },
                 {
                     "RGID":  "/subscriptions/27010acc-67a3-40a9-ba96-0b5700ffa041/resourceGroups/NetworkWatcherRG",
                     "ControllerName":  "Ryan Hausknecht",
                     "ControllerID":  "7924105b-af0d-48f8-bab5-fdf0a5d33173",
                     "ControllerType":  "User",
                     "ControllerOnPremID":  null,
                     "RoleName":  "Virtual Machine Administrator Login",
                     "RoleDefinitionId":  "1c0163c0-47e6-4577-8991-ea5c82e286e4"
                 },
                 {
                     "RGID":  "/subscriptions/27010acc-67a3-40a9-ba96-0b5700ffa041/resourceGroups/NetworkWatcherRG",
                     "ControllerName":  "JasonFrank",
                     "ControllerID":  "48704212-bbbf-4408-a9c4-24fe57903bd2",
                     "ControllerType":  "User",
                     "ControllerOnPremID":  null,
                     "RoleName":  "Owner",
                     "RoleDefinitionId":  "8e3af657-a8ff-443c-a75c-2fe8c4bcb635"
                 },
                 {
                     "RGID":  "/subscriptions/27010acc-67a3-40a9-ba96-0b5700ffa041/resourceGroups/NetworkWatcherRG",
                     "ControllerName":  "Ryan Hausknecht",
                     "ControllerID":  "7924105b-af0d-48f8-bab5-fdf0a5d33173",
                     "ControllerType":  "User",
                     "ControllerOnPremID":  null,
                     "RoleName":  "Owner",
                     "RoleDefinitionId":  "8e3af657-a8ff-443c-a75c-2fe8c4bcb635"
                 },
                 {
                     "RGID":  "/subscriptions/27010acc-67a3-40a9-ba96-0b5700ffa041/resourceGroups/NetworkWatcherRG",
                     "ControllerName":  "Andrew Robbins",
                     "ControllerID":  "a9c15145-4ce3-4469-9cff-116333168aa4",
                     "ControllerType":  "User",
                     "ControllerOnPremID":  null,
                     "RoleName":  "Owner",
                     "RoleDefinitionId":  "8e3af657-a8ff-443c-a75c-2fe8c4bcb635"
                 },
                 {
                     "RGID":  "/subscriptions/27010acc-67a3-40a9-ba96-0b5700ffa041/resourceGroups/NetworkWatcherRG",
                     "ControllerName":  "JasonFrank",
                     "ControllerID":  "48704212-bbbf-4408-a9c4-24fe57903bd2",
                     "ControllerType":  "User",
                     "ControllerOnPremID":  null,
                     "RoleName":  "User Access Administrator",
                     "RoleDefinitionId":  "18d7d88d-d35e-4fb5-a5c3-7773c20a72d9"
                 },
                 {
                     "RGID":  "/subscriptions/27010acc-67a3-40a9-ba96-0b5700ffa041/resourceGroups/NetworkWatcherRG",
                     "ControllerName":  "Ryan Hausknecht",
                     "ControllerID":  "7924105b-af0d-48f8-bab5-fdf0a5d33173",
                     "ControllerType":  "User",
                     "ControllerOnPremID":  null,
                     "RoleName":  "User Access Administrator",
                     "RoleDefinitionId":  "18d7d88d-d35e-4fb5-a5c3-7773c20a72d9"
                 },
                 {
                     "RGID":  "/subscriptions/27010acc-67a3-40a9-ba96-0b5700ffa041/resourceGroups/NetworkWatcherRG",
                     "ControllerName":  "Andrew Robbins",
                     "ControllerID":  "a9c15145-4ce3-4469-9cff-116333168aa4",
                     "ControllerType":  "User",
                     "ControllerOnPremID":  null,
                     "RoleName":  "User Access Administrator",
                     "RoleDefinitionId":  "18d7d88d-d35e-4fb5-a5c3-7773c20a72d9"
                 },
                 {
                     "RGID":  "/subscriptions/27010acc-67a3-40a9-ba96-0b5700ffa041/resourceGroups/NetworkWatcherRG",
                     "ControllerName":  "Administrator",
                     "ControllerID":  "c9a14f0d-29ec-4242-8eda-645117807361",
                     "ControllerType":  "User",
                     "ControllerOnPremID":  null,
                     "RoleName":  "User Access Administrator",
                     "RoleDefinitionId":  "18d7d88d-d35e-4fb5-a5c3-7773c20a72d9"
                 }
             ]
}
