﻿{
    "meta":  {
                 "count":  8,
                 "type":  "azdevices",
                 "version":  4
             },
    "data":  [
                 {
                     "DeviceDisplayname":  "FABRIKAMWORKSTA",
                     "DeviceID":  "03e0ec7c-ee68-4b01-997f-7d03c4c8af91",
                     "DeviceOS":  "Windows",
                     "OwnerDisplayName":  null,
                     "OwnerID":  null,
                     "OwnerType":  null,
                     "OwnerOnPremID":  null
                 },
                 {
                     "DeviceDisplayname":  "FabrikamDC",
                     "DeviceID":  "1af28236-6a67-46c0-b4aa-9c007407ef77",
                     "DeviceOS":  "Windows",
                     "OwnerDisplayName":  null,
                     "OwnerID":  null,
                     "OwnerType":  null,
                     "OwnerOnPremID":  null
                 },
                 {
                     "DeviceDisplayname":  "LabDC",
                     "DeviceID":  "3091716c-fde1-4af9-bc45-001643f714ed",
                     "DeviceOS":  "Windows",
                     "OwnerDisplayName":  null,
                     "OwnerID":  null,
                     "OwnerType":  null,
                     "OwnerOnPremID":  null
                 },
                 {
                     "DeviceDisplayname":  "LabWin10Hybrid",
                     "DeviceID":  "5f414989-1107-4ca3-84e0-b207b46edc1d",
                     "DeviceOS":  "Windows",
                     "OwnerDisplayName":  null,
                     "OwnerID":  null,
                     "OwnerType":  null,
                     "OwnerOnPremID":  null
                 },
                 {
                     "DeviceDisplayname":  "FABRIKAMWS2",
                     "DeviceID":  "7324dbaf-2d11-4398-99f7-df66b960576d",
                     "DeviceOS":  "Windows",
                     "OwnerDisplayName":  null,
                     "OwnerID":  null,
                     "OwnerType":  null,
                     "OwnerOnPremID":  null
                 },
                 {
                     "DeviceDisplayname":  "Win10AADJoined2",
                     "DeviceID":  "74982aa1-b7a4-43c9-8a99-73917c6b7e27",
                     "DeviceOS":  "Windows",
                     "OwnerDisplayName":  "Chris Ross",
                     "OwnerID":  "f3c3c274-63c7-45aa-94bc-9548e6983efc",
                     "OwnerType":  "User",
                     "OwnerOnPremID":  null
                 },
                 {
                     "DeviceDisplayname":  "Win10AADJoined",
                     "DeviceID":  "8b17fdd4-7573-4577-b534-11d33e9b49b6",
                     "DeviceOS":  "Windows",
                     "OwnerDisplayName":  "Normal User",
                     "OwnerID":  "4270cf2e-53b8-4206-ac5e-4f80af717866",
                     "OwnerType":  "User",
                     "OwnerOnPremID":  null
                 },
                 {
                     "DeviceDisplayname":  "Win10Test",
                     "DeviceID":  "9206bf45-b078-4457-8d3c-3f788c9cdfb1",
                     "DeviceOS":  "Windows",
                     "OwnerDisplayName":  null,
                     "OwnerID":  null,
                     "OwnerType":  null,
                     "OwnerOnPremID":  null
                 }
             ]
}
